category,url
Warez,1337x.to;*.1337x.to;thepiratebay.org;*.thepiratebay.org;rarbg.to;*.rarbg.to;rutracker.org;*.rutracker.org;demonoid.is;*.demonoid.is;limetorrents.cc;*.limetorrents.cc;torrentz2.eu;*.torrentz2.eu;yts.mx;*.yts.mx;eztv.io;*.eztv.io;nyaa.si;*.nyaa.si;zooqle.com;*.zooqle.com;kickasstorrents.to;*.kickasstorrents.to;torrentdownloads.me;*.torrentdownloads.me;torrentfunk.com;*.torrentfunk.com;extratorrent.si;*.extratorrent.si;bt4g.org;*.bt4g.org;magnetdl.com;*.magnetdl.com;torrentgalaxy.to;*.torrentgalaxy.to;glodls.to;*.glodls.to;seedpeer.me;*.seedpeer.me;monova.org;*.monova.org;bitsnoop.com;*.bitsnoop.com;torlock.com;*.torlock.com;yourbittorrent.com;*.yourbittorrent.com;torrentproject2.com;*.torrentproject2.com;btdb.io;*.btdb.io;torrentseeker.com;*.torrentseeker.com;bt-scene.cc;*.bt-scene.cc;torrentfunk2.com;*.torrentfunk2.com;btscene.nl;*.btscene.nl;torrends.to;*.torrends.to;torrenthounds.com;*.torrenthounds.com;bitsearch.to;*.bitsearch.to;solidtorrents.net;*.solidtorrents.net;torrentdownload.info;*.torrentdownload.info;torrentparadise.cl;*.torrentparadise.cl;btdig.com;*.btdig.com;torlock2.com;*.torlock2.com;btscene.today;*.btscene.today;extratorrent.ag;*.extratorrent.ag;torrentproject.se;*.torrentproject.se;torrentparadise.to;*.torrentparadise.to;scnlog.me;*.scnlog.me;rlsbb.ru;*.rlsbb.ru;snahp.it;*.snahp.it;ddlvalley.me;*.ddlvalley.me;rapidgator.net;*.rapidgator.net;uploaded.net;*.uploaded.net;turbobit.net;*.turbobit.net;uptobox.com;*.uptobox.com;nitroflare.com;*.nitroflare.com;uploadgig.com;*.uploadgig.com;filejoker.net;*.filejoker.net;keep2share.cc;*.keep2share.cc;datafile.com;*.datafile.com;katfile.com;*.katfile.com;upload.ac;*.upload.ac;mexashare.com;*.mexashare.com;rapidrar.com;*.rapidrar.com;ddownload.com;*.ddownload.com;downloadly.ir;*.downloadly.ir;getgamez.net;*.getgamez.net;skidrowreloaded.com;*.skidrowreloaded.com;fitgirl-repacks.site;*.fitgirl-repacks.site;repackgames.com;*.repackgames.com;steamunlocked.net;*.steamunlocked.net;gload.cc;*.gload.cc;ova.games;*.ova.games;igg-games.com;*.igg-games.com;pcgamestorrents.com;*.pcgamestorrents.com;gamestorrents.nu;*.gamestorrents.nu;skidrowcodex.net;*.skidrowcodex.net;crackwatch.com;*.crackwatch.com;cs.rin.ru;*.cs.rin.ru;mobilism.org;*.mobilism.org;revdl.com;*.revdl.com;apkmirror.com;*.apkmirror.com;apkpure.com;*.apkpure.com;onhax.me;*.onhax.me;warezbb.org;*.warezbb.org;warez-bb.org;*.warez-bb.org;ddlspot.com;*.ddlspot.com;rlslog.net;*.rlslog.net;scnsrc.me;*.scnsrc.me;predb.me;*.predb.me;predb.pw;*.predb.pw;layer13.net;*.layer13.net;nfohump.com;*.nfohump.com;nfodb.ru;*.nfodb.ru;srrdb.com;*.srrdb.com;nfodb.net;*.nfodb.net;rlsbb.to;*.rlsbb.to;scene-rls.com;*.scene-rls.com;scenerules.org;*.scenerules.org;scenenotice.org;*.scenenotice.org;scnsrc.me;*.scnsrc.me;rlslog.net;*.rlslog.net;rlsbb.ru;*.rlsbb.ru;freshwap.cc;*.freshwap.cc;warezdown.org;*.warezdown.org;warez-world.org;*.warez-world.org;ddlvalley.me;*.ddlvalley.me;rlsbb.to;*.rlsbb.to;scene-rls.net;*.scene-rls.net;scenerules.org;*.scenerules.org;scenenotice.org;*.scenenotice.org;ddlspot.com;*.ddlspot.com;warezseek.com;*.warezseek.com;warez-host.org;*.warez-host.org;warezbook.org;*.warezbook.org;warezlover.xyz;*.warezlover.xyz;warezsearch.com;*.warezsearch.com;warezomen.com;*.warezomen.com;warezheaven.com;*.warezheaven.com
Adult_Entertainment,adultfriendfinder.com;*.adultfriendfinder.com;livejasmin.com;*.livejasmin.com;stripchat.com;*.stripchat.com;chaturbate.com;*.chaturbate.com;onlyfans.com;*.onlyfans.com;cam4.com;*.cam4.com;streamate.com;*.streamate.com;myfreecams.com;*.myfreecams.com;flirt4free.com;*.flirt4free.com;cams.com;*.cams.com;imlive.com;*.imlive.com;bongacams.com;*.bongacams.com;jasmin.com;*.jasmin.com;pornhub.com;*.pornhub.com;xvideos.com;*.xvideos.com;xhamster.com;*.xhamster.com;youporn.com;*.youporn.com;redtube.com;*.redtube.com;brazzers.com;*.brazzers.com;realitykings.com;*.realitykings.com;bangbros.com;*.bangbros.com;digitalplayground.com;*.digitalplayground.com;adulttime.com;*.adulttime.com;naughtyamerica.com;*.naughtyamerica.com;wickedpictures.com;*.wickedpictures.com;playboy.com;*.playboy.com;penthouse.com;*.penthouse.com;hustler.com;*.hustler.com;fetlife.com;*.fetlife.com;adultdvdempire.com;*.adultdvdempire.com;clips4sale.com;*.clips4sale.com;manyvids.com;*.manyvids.com;modelcentro.com;*.modelcentro.com;avn.com;*.avn.com;xbiz.com;*.xbiz.com;seekingarrangement.com;*.seekingarrangement.com;sugardaddymeet.com;*.sugardaddymeet.com;ashleymadison.com;*.ashleymadison.com;victoriamilan.com;*.victoriamilan.com;nostringsattached.com;*.nostringsattached.com;fling.com;*.fling.com;benaughty.com;*.benaughty.com;passion.com;*.passion.com;alt.com;*.alt.com;collarspace.com;*.collarspace.com;swinglifestyle.com;*.swinglifestyle.com;kasidie.com;*.kasidie.com;sdc.com;*.sdc.com;fabswingers.com;*.fabswingers.com;swingersheaven.com;*.swingersheaven.com;xnxx.com;*.xnxx.com;spankbang.com;*.spankbang.com;tube8.com;*.tube8.com;youjizz.com;*.youjizz.com;xhamsterlive.com;*.xhamsterlive.com;pornhublive.com;*.pornhublive.com;cam69.com;*.cam69.com;camster.com;*.camster.com;naked.com;*.naked.com;jerkmate.com;*.jerkmate.com;xcams.com;*.xcams.com;amateur.tv;*.amateur.tv;nudelive.com;*.nudelive.com;camcontacts.com;*.camcontacts.com;babestation.com;*.babestation.com;camplace.com;*.camplace.com;slutroulette.com;*.slutroulette.com;camversity.com;*.camversity.com;streamray.com;*.streamray.com;cambb.xxx;*.cambb.xxx;sexier.com;*.sexier.com;rabbits.com;*.rabbits.com;adultcamlover.com;*.adultcamlover.com;camfuze.com;*.camfuze.com;xcamy.com;*.xcamy.com;camingle.com;*.camingle.com;camdolls.com;*.camdolls.com;camrabbit.com;*.camrabbit.com;flingster.com;*.flingster.com;dirtyroulette.com;*.dirtyroulette.com;shagle.com;*.shagle.com;coomeet.com;*.coomeet.com;chatspin.com;*.chatspin.com;camsurf.com;*.camsurf.com;tinychat.com;*.tinychat.com;chaturbate.eu;*.chaturbate.eu;bongacams.net;*.bongacams.net;stripchat.net;*.stripchat.net;xlovecam.com;*.xlovecam.com;amateur.tv;*.amateur.tv;camsoda.com;*.camsoda.com;camhub.world;*.camhub.world;watchmyexgf.net;*.watchmyexgf.net;privatedelights.ch;*.privatedelights.ch;skipthegames.com;*.skipthegames.com;listcrawler.eu;*.listcrawler.eu;megapersonals.eu;*.megapersonals.eu;bedpage.com;*.bedpage.com;adultsearch.com;*.adultsearch.com;eros.com;*.eros.com;tryst.link;*.tryst.link;slixa.com;*.slixa.com;adultsearch.com;*.adultsearch.com;escortdirectory.com;*.escortdirectory.com;erosads.com;*.erosads.com;cityvibe.com;*.cityvibe.com;massage.com;*.massage.com;rubmaps.ch;*.rubmaps.ch;bodyrubsmap.com;*.bodyrubsmap.com;spahunters.com;*.spahunters.com;findamasseur.com;*.findamasseur.com;masseurfinder.com;*.masseurfinder.com;rubratings.com;*.rubratings.com;bodyrubtemplates.com;*.bodyrubtemplates.com;happytugs.com;*.happytugs.com;ratedx.com;*.ratedx.com;erotic4u.com;*.erotic4u.com;eroticmugshots.com;*.eroticmugshots.com;escortfish.com;*.escortfish.com;escortindex.com;*.escortindex.com;escortnews.eu;*.escortnews.eu;eurogirlsescort.com;*.eurogirlsescort.com;escortguide.com;*.escortguide.com;escortdirectory.com;*.escortdirectory.com;theeroticreview.com;*.theeroticreview.com;preferred411.com;*.preferred411.com;date.com;*.date.com;datehookup.com;*.datehookup.com;seeking.com;*.seeking.com;sugardaddie.com;*.sugardaddie.com;whatsyourprice.com;*.whatsyourprice.com;misstravel.com;*.misstravel.com;arrangement.com;*.arrangement.com;sugarbook.com;*.sugarbook.com;secretbenefits.com;*.secretbenefits.com;establishedmen.com;*.establishedmen.com;richmeetbeautiful.com;*.richmeetbeautiful.com;sugardaddytoday.com;*.sugardaddytoday.com;sugardaddyforme.com;*.sugardaddyforme.com;sugarsugar.com;*.sugarsugar.com;sugardaddysite.com;*.sugardaddysite.com;millionbb.com;*.millionbb.com;elitesingles.com;*.elitesingles.com;match.com;*.match.com;okcupid.com;*.okcupid.com;pof.com;*.pof.com;zoosk.com;*.zoosk.com;eharmony.com;*.eharmony.com;christianmingle.com;*.christianmingle.com;jdate.com;*.jdate.com;farmersonly.com;*.farmersonly.com;coffeemeetsbagel.com;*.coffeemeetsbagel.com;bumble.com;*.bumble.com;tinder.com;*.tinder.com;badoo.com;*.badoo.com;happn.com;*.happn.com;tagged.com;*.tagged.com;meetme.com;*.meetme.com;skout.com;*.skout.com;lovoo.com;*.lovoo.com;meetmindful.com;*.meetmindful.com;christiancafe.com;*.christiancafe.com;christianconnection.com;*.christianconnection.com;jswipe.com;*.jswipe.com;muzmatch.com;*.muzmatch.com;shaadi.com;*.shaadi.com;bharatmatrimony.com;*.bharatmatrimony.com;jeevansathi.com;*.jeevansathi.com;matrimony.com;*.matrimony.com
Games,aol.com;*.aol.com;roblox.com;*.roblox.com;epicgames.com;*.epicgames.com;steampowered.com;*.steampowered.com;origin.com;*.origin.com;ubisoft.com;*.ubisoft.com;playstation.com;*.playstation.com;xbox.com;*.xbox.com;nintendo.com;*.nintendo.com;blizzard.com;*.blizzard.com;ea.com;*.ea.com;battlenet.com;*.battlenet.com;rockstargames.com;*.rockstargames.com;bethesda.net;*.bethesda.net;minecraft.net;*.minecraft.net;leagueoflegends.com;*.leagueoflegends.com;dota2.com;*.dota2.com;fortnite.com;*.fortnite.com;warframe.com;*.warframe.com;pathofexile.com;*.pathofexile.com;runescape.com;*.runescape.com;worldofwarcraft.com;*.worldofwarcraft.com;guildwars2.com;*.guildwars2.com;finalfantasyxiv.com;*.finalfantasyxiv.com;elderscrollsonline.com;*.elderscrollsonline.com;rocketleague.com;*.rocketleague.com;apexlegends.com;*.apexlegends.com;valorant.com;*.valorant.com;csgo.com;*.csgo.com;pubg.com;*.pubg.com;escapefromtarkov.com;*.escapefromtarkov.com;rustgame.com;*.rustgame.com;gog.com;*.gog.com;humblebundle.com;*.humblebundle.com;fanatical.com;*.fanatical.com;greenmangaming.com;*.greenmangaming.com;indiegala.com;*.indiegala.com;gamejolt.com;*.gamejolt.com;itch.io;*.itch.io;newgrounds.com;*.newgrounds.com;kongregate.com;*.kongregate.com;addictinggames.com;*.addictinggames.com;miniclip.com;*.miniclip.com;armor.com;*.armor.com;y8.com;*.y8.com;pogo.com;*.pogo.com;bigfishgames.com;*.bigfishgames.com;gamespot.com;*.gamespot.com;ign.com;*.ign.com;pcgamer.com;*.pcgamer.com;kotaku.com;*.kotaku.com;polygon.com;*.polygon.com;eurogamer.net;*.eurogamer.net;gamesindustry.biz;*.gamesindustry.biz;gamasutra.com;*.gamasutra.com;pcgamesn.com;*.pcgamesn.com;rockpapershotgun.com;*.rockpapershotgun.com;vg247.com;*.vg247.com;gematsu.com;*.gematsu.com;destructoid.com;*.destructoid.com;gamefaqs.com;*.gamefaqs.com;gamesradar.com;*.gamesradar.com;n4g.com;*.n4g.com;gameinformer.com;*.gameinformer.com;gamerevolution.com;*.gamerevolution.com;dualshockers.com;*.dualshockers.com;playstationlifestyle.net;*.playstationlifestyle.net;xboxachievements.com;*.xboxachievements.com;trueachievements.com;*.trueachievements.com;psnprofiles.com;*.psnprofiles.com;exophase.com;*.exophase.com;steamcommunity.com;*.steamcommunity.com;steamdb.info;*.steamdb.info;steamcharts.com;*.steamcharts.com;steamspy.com;*.steamspy.com;steamgifts.com;*.steamgifts.com;steamtrades.com;*.steamtrades.com;barter.vg;*.barter.vg;isthereanydeal.com;*.isthereanydeal.com;cheapshark.com;*.cheapshark.com;gg.deals;*.gg.deals;nexusmods.com;*.nexusmods.com;moddb.com;*.moddb.com;curseforge.com;*.curseforge.com;moddingway.com;*.moddingway.com;gamebanana.com;*.gamebanana.com;gamemaps.com;*.gamemaps.com;spriters-resource.com;*.spriters-resource.com;vgmrips.net;*.vgmrips.net;khinsider.com;*.khinsider.com;ocremix.org;*.ocremix.org;vgmusic.com;*.vgmusic.com;speedrun.com;*.speedrun.com;speedrunslive.com;*.speedrunslive.com;speeddemosarchive.com;*.speeddemosarchive.com;tasvideos.org;*.tasvideos.org;twitch.tv;*.twitch.tv;mixer.com;*.mixer.com;dlive.tv;*.dlive.tv;smashcast.tv;*.smashcast.tv;caffeine.tv;*.caffeine.tv;trovo.live;*.trovo.live;afreeca.tv;*.afreeca.tv;goodgame.ru;*.goodgame.ru;wasd.tv;*.wasd.tv;huya.com;*.huya.com;douyu.com;*.douyu.com;nicovideo.jp;*.nicovideo.jp;openrec.tv;*.openrec.tv;mildom.com;*.mildom.com;17.live;*.17.live;nimo.tv;*.nimo.tv;booyah.live;*.booyah.live;nonolive.com;*.nonolive.com;mobcrush.com;*.mobcrush.com;smashgg.com;*.smashgg.com;battlefy.com;*.battlefy.com;toornament.com;*.toornament.com;challengermode.com;*.challengermode.com;faceit.com;*.faceit.com;esportstournaments.com;*.esportstournaments.com;esportsearnings.com;*.esportsearnings.com;liquipedia.net;*.liquipedia.net;hltv.org;*.hltv.org;gosugamers.net;*.gosugamers.net;dotabuff.com;*.dotabuff.com;op.gg;*.op.gg;u.gg;*.u.gg;probuilds.net;*.probuilds.net;mobafire.com;*.mobafire.com;champion.gg;*.champion.gg;lolalytics.com;*.lolalytics.com;metasrc.com;*.metasrc.com;overbuff.com;*.overbuff.com;masteroverwatch.com;*.masteroverwatch.com;tracker.gg;*.tracker.gg;fortnitetracker.com;*.fortnitetracker.com;r6stats.com;*.r6stats.com;pubglookup.com;*.pubglookup.com;destinytracker.com;*.destinytracker.com;raid.report;*.raid.report;trials.report;*.trials.report;wastedondestiny.com;*.wastedondestiny.com;light.gg;*.light.gg;warmind.io;*.warmind.io;charlemagne.io;*.charlemagne.io;braytech.org;*.braytech.org;d2checklist.com;*.d2checklist.com;grandmaster.gg;*.grandmaster.gg;overwolf.com;*.overwolf.com;multimc.org;*.multimc.org;wowhead.com;*.wowhead.com;tukui.org;*.tukui.org;icy-veins.com;*.icy-veins.com;wowinterface.com;*.wowinterface.com;warcraftlogs.com;*.warcraftlogs.com;raider.io;*.raider.io;bloodmallet.com;*.bloodmallet.com;raidbots.com;*.raidbots.com;hearthpwn.com;*.hearthpwn.com;hsreplay.net;*.hsreplay.net;outof.cards;*.outof.cards;tempostorm.com;*.tempostorm.com;vicioussyndicate.com;*.vicioussyndicate.com;mtggoldfish.com;*.mtggoldfish.com;scryfall.com;*.scryfall.com;tappedout.net;*.tappedout.net;cardmarket.com;*.cardmarket.com;tcgplayer.com;*.tcgplayer.com;newurl.com;*.newurl.com
Entertainment,netflix.com;*.netflix.com;hulu.com;*.hulu.com;disney.com;*.disney.com;amazonprime.com;*.amazonprime.com;hbomax.com;*.hbomax.com;peacocktv.com;*.peacocktv.com;paramountplus.com;*.paramountplus.com;crunchyroll.com;*.crunchyroll.com;funimation.com;*.funimation.com;vudu.com;*.vudu.com;imdb.com;*.imdb.com;rottentomatoes.com;*.rottentomatoes.com;metacritic.com;*.metacritic.com;spotify.com;*.spotify.com;pandora.com;*.pandora.com;tidal.com;*.tidal.com;deezer.com;*.deezer.com;soundcloud.com;*.soundcloud.com;bandcamp.com;*.bandcamp.com;youtube.com;*.youtube.com;vimeo.com;*.vimeo.com;dailymotion.com;*.dailymotion.com;twitch.tv;*.twitch.tv;vevo.com;*.vevo.com;primevideo.com;*.primevideo.com;disneyplus.com;*.disneyplus.com;appletv.com;*.appletv.com;discoveryplus.com;*.discoveryplus.com;starz.com;*.starz.com;showtime.com;*.showtime.com;maxgo.com;*.maxgo.com;pluto.tv;*.pluto.tv;tubitv.com;*.tubitv.com;plex.tv;*.plex.tv;kanopy.com;*.kanopy.com;mubi.com;*.mubi.com;criterion.com;*.criterion.com;shudder.com;*.shudder.com;curiositystream.com;*.curiositystream.com;fandor.com;*.fandor.com;acorn.tv;*.acorn.tv;britbox.com;*.britbox.com;dramafever.com;*.dramafever.com;viki.com;*.viki.com;iflix.com;*.iflix.com;hooq.tv;*.hooq.tv;hotstar.com;*.hotstar.com;zee5.com;*.zee5.com;sonyliv.com;*.sonyliv.com;altbalaji.com;*.altbalaji.com;voot.com;*.voot.com;erosnow.com;*.erosnow.com;jiocinema.com;*.jiocinema.com;mxplayer.in;*.mxplayer.in;sunxt.com;*.sunxt.com;hungama.com;*.hungama.com;gaana.com;*.gaana.com;saavn.com;*.saavn.com;wynk.in;*.wynk.in;resso.com;*.resso.com;joox.com;*.joox.com;kkbox.com;*.kkbox.com;melon.com;*.melon.com;genie.co.kr;*.genie.co.kr;bugs.co.kr;*.bugs.co.kr;qq.com;*.qq.com;youku.com;*.youku.com;iqiyi.com;*.iqiyi.com;bilibili.com;*.bilibili.com;tudou.com;*.tudou.com;letv.com;*.letv.com;sohu.com;*.sohu.com;pptv.com;*.pptv.com;mgtv.com;*.mgtv.com;wasu.cn;*.wasu.cn;funshion.com;*.funshion.com;56.com;*.56.com;ku6.com;*.ku6.com;tv.com;*.tv.com;cbs.com;*.cbs.com;abc.com;*.abc.com;nbc.com;*.nbc.com;fox.com;*.fox.com;cw.com;*.cw.com;pbs.org;*.pbs.org;fxnetworks.com;*.fxnetworks.com;amc.com;*.amc.com;tnt.com;*.tnt.com;tbs.com;*.tbs.com;usanetwork.com;*.usanetwork.com;syfy.com;*.syfy.com;bravo.com;*.bravo.com;oxygen.com;*.oxygen.com;lifetime.com;*.lifetime.com;history.com;*.history.com;natgeo.com;*.natgeo.com;discovery.com;*.discovery.com;animalplanet.com;*.animalplanet.com;tlc.com;*.tlc.com;foodnetwork.com;*.foodnetwork.com;hgtv.com;*.hgtv.com;travelchannel.com;*.travelchannel.com;bbc.co.uk;*.bbc.co.uk;itv.com;*.itv.com;channel4.com;*.channel4.com;sky.com;*.sky.com;nowtv.com;*.nowtv.com;channel5.com;*.channel5.com;arte.tv;*.arte.tv;tf1.fr;*.tf1.fr;france.tv;*.france.tv;rtl.de;*.rtl.de;prosieben.de;*.prosieben.de;zdf.de;*.zdf.de;ard.de;*.ard.de;mediaset.it;*.mediaset.it;rai.it;*.rai.it;rtve.es;*.rtve.es;antena3.com;*.antena3.com;telecinco.es;*.telecinco.es;lasexta.com;*.lasexta.com;globo.com;*.globo.com;sbt.com.br;*.sbt.com.br;recordtv.com.br;*.recordtv.com.br;band.uol.com.br;*.band.uol.com.br;telefe.com;*.telefe.com;eltrecetv.com.ar;*.eltrecetv.com.ar;canal13.cl;*.canal13.cl;televisa.com;*.televisa.com;tvazteca.com;*.tvazteca.com;caracoltv.com;*.caracoltv.com;rcn.com.co;*.rcn.com.co;americatv.com.pe;*.americatv.com.pe;vtv.vn;*.vtv.vn;abs-cbn.com;*.abs-cbn.com;gma.tv;*.gma.tv;tv5.com.ph;*.tv5.com.ph;ntv.co.jp;*.ntv.co.jp;tv-asahi.co.jp;*.tv-asahi.co.jp;tbs.co.jp;*.tbs.co.jp;fujitv.co.jp;*.fujitv.co.jp;tv-tokyo.co.jp;*.tv-tokyo.co.jp;kbs.co.kr;*.kbs.co.kr;sbs.co.kr;*.sbs.co.kr;mbc.co.kr;*.mbc.co.kr;jtbc.joins.com;*.jtbc.joins.com;tvn.cj.net;*.tvn.cj.net;cctv.com;*.cctv.com;hunanstv.com;*.hunanstv.com;zhejiangstv.com;*.zhejiangstv.com;dragontv.com;*.dragontv.com;phoenixtv.com;*.phoenixtv.com;tvb.com;*.tvb.com;nowTV.com.hk;*.nowTV.com.hk;viu.com;*.viu.com;mewatch.sg;*.mewatch.sg;toggle.sg;*.toggle.sg
Social_Media,facebook.com;*.facebook.com;twitter.com;*.twitter.com;instagram.com;*.instagram.com;tiktok.com;*.tiktok.com;snapchat.com;*.snapchat.com;whatsapp.com;*.whatsapp.com;telegram.org;*.telegram.org;signal.org;*.signal.org;discord.com;*.discord.com;slack.com;*.slack.com;messenger.com;*.messenger.com;line.me;*.line.me;viber.com;*.viber.com;wechat.com;*.wechat.com;kakaotalk.com;*.kakaotalk.com;pinterest.com;*.pinterest.com;reddit.com;*.reddit.com;tumblr.com;*.tumblr.com;linkedin.com;*.linkedin.com;quora.com;*.quora.com;medium.com;*.medium.com;flickr.com;*.flickr.com;vk.com;*.vk.com;weibo.com;*.weibo.com;ok.ru;*.ok.ru;meetup.com;*.meetup.com;clubhouse.com;*.clubhouse.com;strava.com;*.strava.com;nextdoor.com;*.nextdoor.com;mastodon.social;*.mastodon.social;parler.com;*.parler.com;gab.com;*.gab.com;minds.com;*.minds.com;mewe.com;*.mewe.com;gettr.com;*.gettr.com;truth.social;*.truth.social;diaspora.com;*.diaspora.com;500px.com;*.500px.com;behance.net;*.behance.net;deviantart.com;*.deviantart.com;dribbble.com;*.dribbble.com;artstation.com;*.artstation.com;ello.co;*.ello.co;livejournal.com;*.livejournal.com;blogspot.com;*.blogspot.com;wordpress.com;*.wordpress.com;medium.com;*.medium.com;substack.com;*.substack.com;patreon.com;*.patreon.com;ko-fi.com;*.ko-fi.com;buymeacoffee.com;*.buymeacoffee.com;gofundme.com;*.gofundme.com;kickstarter.com;*.kickstarter.com;indiegogo.com;*.indiegogo.com;twitch.tv;*.twitch.tv;douyin.com;*.douyin.com;kuaishou.com;*.kuaishou.com;bilibili.com;*.bilibili.com;youku.com;*.youku.com;iqiyi.com;*.iqiyi.com;douban.com;*.douban.com;zhihu.com;*.zhihu.com;xiaohongshu.com;*.xiaohongshu.com;hupu.com;*.hupu.com;tieba.baidu.com;*.tieba.baidu.com;mixi.jp;*.mixi.jp;ameba.jp;*.ameba.jp;pixiv.net;*.pixiv.net;niconico.com;*.niconico.com;cyworld.com;*.cyworld.com;band.us;*.band.us;naver.com;*.naver.com;daum.net;*.daum.net;cafe.naver.com;*.cafe.naver.com;blog.naver.com;*.blog.naver.com;orkut.com;*.orkut.com;hi5.com;*.hi5.com;tagged.com;*.tagged.com;mocospace.com;*.mocospace.com;ning.com;*.ning.com;xing.com;*.xing.com;renren.com;*.renren.com;myspace.com;*.myspace.com;friendster.com;*.friendster.com;classmates.com;*.classmates.com;care2.com;*.care2.com;cafemom.com;*.cafemom.com;ravelry.com;*.ravelry.com;goodreads.com;*.goodreads.com;last.fm;*.last.fm;soundcloud.com;*.soundcloud.com;mixcloud.com;*.mixcloud.com;bandcamp.com;*.bandcamp.com;reverbnation.com;*.reverbnation.com;researchgate.net;*.researchgate.net;academia.edu;*.academia.edu;slideshare.net;*.slideshare.net;scribd.com;*.scribd.com;issuu.com;*.issuu.com;wattpad.com;*.wattpad.com;fanfiction.net;*.fanfiction.net;archiveofourown.org;*.archiveofourown.org;fandom.com;*.fandom.com;wikia.com;*.wikia.com;amino.com;*.amino.com;gaia.com;*.gaia.com;imvu.com;*.imvu.com;secondlife.com;*.secondlife.com;habbo.com;*.habbo.com;roblox.com;*.roblox.com;vrchat.com;*.vrchat.com;rec.room;*.rec.room;houseparty.com;*.houseparty.com;yubo.live;*.yubo.live;likee.com;*.likee.com;triller.co;*.triller.co;byte.co;*.byte.co;caffeine.tv;*.caffeine.tv;younow.com;*.younow.com;periscope.tv;*.periscope.tv;streamlabs.com;*.streamlabs.com;streamelements.com;*.streamelements.com;dlive.tv;*.dlive.tv;theta.tv;*.theta.tv;wasdtv.com;*.wasdtv.com;afreecatv.com;*.afreecatv.com;17.live;*.17.live;bigo.tv;*.bigo.tv;uplive.com;*.uplive.com;liveme.com;*.liveme.com;mico.com;*.mico.com;yizhibo.com;*.yizhibo.com;inke.com;*.inke.com;huya.com;*.huya.com;douyu.com;*.douyu.com;panda.tv;*.panda.tv;zhanqi.tv;*.zhanqi.tv;yy.com;*.yy.com;6.cn;*.6.cn;showroom-live.com;*.showroom-live.com;twitcasting.tv;*.twitcasting.tv;mirrativ.com;*.mirrativ.com;openrec.tv;*.openrec.tv;mildom.com;*.mildom.com
Messaging,whatsapp.com;*.whatsapp.com;telegram.org;*.telegram.org;signal.org;*.signal.org;messenger.com;*.messenger.com;discord.com;*.discord.com;skype.com;*.skype.com;viber.com;*.viber.com;line.me;*.line.me;wechat.com;*.wechat.com;kakaotalk.com;*.kakaotalk.com;snapchat.com;*.snapchat.com;slack.com;*.slack.com;zoom.us;*.zoom.us;meet.google.com;*.meet.google.com;webex.com;*.webex.com;threema.ch;*.threema.ch;wire.com;*.wire.com;element.io;*.element.io;matrix.org;*.matrix.org;session.org;*.session.org;status.im;*.status.im;delta.chat;*.delta.chat;tox.chat;*.tox.chat;jami.net;*.jami.net;riot.im;*.riot.im;keybase.io;*.keybase.io;wickr.com;*.wickr.com;kik.com;*.kik.com;groupme.com;*.groupme.com;band.us;*.band.us;imo.im;*.imo.im;icq.com;*.icq.com;tango.me;*.tango.me;zalo.me;*.zalo.me;beetalk.com;*.beetalk.com;qq.com;*.qq.com;dingtalk.com;*.dingtalk.com;feishu.cn;*.feishu.cn;yammer.com;*.yammer.com;workplace.com;*.workplace.com;rocketchat.com;*.rocketchat.com;mattermost.com;*.mattermost.com;twist.com;*.twist.com;flock.com;*.flock.com;chanty.com;*.chanty.com;flowdock.com;*.flowdock.com;stride.com;*.stride.com;hip.chat;*.hip.chat;ryver.com;*.ryver.com;glip.com;*.glip.com;ringcentral.com;*.ringcentral.com;whereby.com;*.whereby.com;gotomeeting.com;*.gotomeeting.com;bluejeans.com;*.bluejeans.com;lifesize.com;*.lifesize.com;appear.in;*.appear.in;jitsi.org;*.jitsi.org;8x8.com;*.8x8.com;starleaf.com;*.starleaf.com;vonage.com;*.vonage.com;dialpad.com;*.dialpad.com;uberconference.com;*.uberconference.com;freeconferencecall.com;*.freeconferencecall.com;join.me;*.join.me;anymeeting.com;*.anymeeting.com;intermedia.net;*.intermedia.net;fuze.com;*.fuze.com;grasshopper.com;*.grasshopper.com;aircall.io;*.aircall.io;justcall.io;*.justcall.io;callhippo.com;*.callhippo.com;toky.co;*.toky.co;talkdesk.com;*.talkdesk.com;freshcaller.com;*.freshcaller.com;cloudtalk.io;*.cloudtalk.io;mightytext.net;*.mightytext.net;pushbullet.com;*.pushbullet.com;airdroid.com;*.airdroid.com;mysms.com;*.mysms.com;textfree.us;*.textfree.us;textplus.com;*.textplus.com;textnow.com;*.textnow.com;talkatone.com;*.talkatone.com;google.voice.com;*.google.voice.com;sideline.com;*.sideline.com;hushed.com;*.hushed.com;burner.com;*.burner.com;flyp.com;*.flyp.com;dingtone.me;*.dingtone.me;2ndline.co;*.2ndline.co;textme.com;*.textme.com;pinger.com;*.pinger.com;fring.com;*.fring.com;nimbuzz.com;*.nimbuzz.com;palringo.com;*.palringo.com;olvid.io;*.olvid.io;confide.com;*.confide.com;dust.com;*.dust.com;cyphr.com;*.cyphr.com;safeum.com;*.safeum.com;brosix.com;*.brosix.com;troop.com;*.troop.com;spike.com;*.spike.com;chatwork.com;*.chatwork.com;typetalk.com;*.typetalk.com;sendbird.com;*.sendbird.com;purechat.com;*.purechat.com;tawk.to;*.tawk.to;zopim.com;*.zopim.com;drift.com;*.drift.com;intercom.com;*.intercom.com;freshchat.com;*.freshchat.com;livechat.com;*.livechat.com;snapengage.com;*.snapengage.com;olark.com;*.olark.com;liveperson.com;*.liveperson.com;boldchat.com;*.boldchat.com;clickdesk.com;*.clickdesk.com;chaport.com;*.chaport.com;jivochat.com;*.jivochat.com;livechatinc.com;*.livechatinc.com;smartsupp.com;*.smartsupp.com;chatra.io;*.chatra.io;tidio.com;*.tidio.com;userlike.com;*.userlike.com;crisp.chat;*.crisp.chat;gitter.im;*.gitter.im;irc.com;*.irc.com;irccloud.com;*.irccloud.com;mibbit.com;*.mibbit.com;kiwiirc.com;*.kiwiirc.com;hexchat.com;*.hexchat.com;weechat.org;*.weechat.org;irssi.org;*.irssi.org;quassel-irc.org;*.quassel-irc.org;thelounge.chat;*.thelounge.chat
Shopping,amazon.com;*.amazon.com;ebay.com;*.ebay.com;walmart.com;*.walmart.com;aliexpress.com;*.aliexpress.com;etsy.com;*.etsy.com;target.com;*.target.com;bestbuy.com;*.bestbuy.com;homedepot.com;*.homedepot.com;wayfair.com;*.wayfair.com;costco.com;*.costco.com;ikea.com;*.ikea.com;newegg.com;*.newegg.com;overstock.com;*.overstock.com;zappos.com;*.zappos.com;macys.com;*.macys.com;nordstrom.com;*.nordstrom.com;kohls.com;*.kohls.com;jcpenney.com;*.jcpenney.com;sears.com;*.sears.com;lowes.com;*.lowes.com;chewy.com;*.chewy.com;wish.com;*.wish.com;shein.com;*.shein.com;zara.com;*.zara.com;hm.com;*.hm.com;uniqlo.com;*.uniqlo.com;asos.com;*.asos.com;nike.com;*.nike.com;adidas.com;*.adidas.com;gap.com;*.gap.com;oldnavy.com;*.oldnavy.com;forever21.com;*.forever21.com;shopify.com;*.shopify.com;rakuten.com;*.rakuten.com;jd.com;*.jd.com;taobao.com;*.taobao.com;tmall.com;*.tmall.com;pinduoduo.com;*.pinduoduo.com;lazada.com;*.lazada.com;shopee.com;*.shopee.com;flipkart.com;*.flipkart.com;snapdeal.com;*.snapdeal.com;myntra.com;*.myntra.com;nykaa.com;*.nykaa.com;ajio.com;*.ajio.com;tatacliq.com;*.tatacliq.com;paytmmall.com;*.paytmmall.com;firstcry.com;*.firstcry.com;bigbasket.com;*.bigbasket.com;grofers.com;*.grofers.com;1mg.com;*.1mg.com;pharmeasy.in;*.pharmeasy.in;netmeds.com;*.netmeds.com;medlife.com;*.medlife.com;bookmyshow.com;*.bookmyshow.com;ticketmaster.com;*.ticketmaster.com;stubhub.com;*.stubhub.com;expedia.com;*.expedia.com;booking.com;*.booking.com;hotels.com;*.hotels.com;airbnb.com;*.airbnb.com;trivago.com;*.trivago.com;makemytrip.com;*.makemytrip.com;yatra.com;*.yatra.com;goibibo.com;*.goibibo.com;cleartrip.com;*.cleartrip.com;kayak.com;*.kayak.com;priceline.com;*.priceline.com;hotwire.com;*.hotwire.com;orbitz.com;*.orbitz.com;travelocity.com;*.travelocity.com;agoda.com;*.agoda.com;bookingbuddy.com;*.bookingbuddy.com;homeaway.com;*.homeaway.com;vrbo.com;*.vrbo.com;tripadvisor.com;*.tripadvisor.com;yelp.com;*.yelp.com;grubhub.com;*.grubhub.com;doordash.com;*.doordash.com;ubereats.com;*.ubereats.com;postmates.com;*.postmates.com;instacart.com;*.instacart.com;shipt.com;*.shipt.com;freshdirect.com;*.freshdirect.com;peapod.com;*.peapod.com;boxed.com;*.boxed.com;thrive.com;*.thrive.com;vitacost.com;*.vitacost.com;iherb.com;*.iherb.com;swansonvitamins.com;*.swansonvitamins.com;gnc.com;*.gnc.com;vitaminshoppe.com;*.vitaminshoppe.com;puritan.com;*.puritan.com;bodybuilding.com;*.bodybuilding.com;myprotein.com;*.myprotein.com;supplementwarehouse.com;*.supplementwarehouse.com;allstarhealth.com;*.allstarhealth.com;luckyvitamin.com;*.luckyvitamin.com;evitamins.com;*.evitamins.com;vitamix.com;*.vitamix.com;nutrisystem.com;*.nutrisystem.com;weightwatchers.com;*.weightwatchers.com;jennycraig.com;*.jennycraig.com;southbeachdiet.com;*.southbeachdiet.com;beachbody.com;*.beachbody.com;myfitnesspal.com;*.myfitnesspal.com;loseit.com;*.loseit.com;noom.com;*.noom.com;fitbit.com;*.fitbit.com;garmin.com;*.garmin.com;polar.com;*.polar.com;suunto.com;*.suunto.com;tomtom.com;*.tomtom.com;mapmyrun.com;*.mapmyrun.com;strava.com;*.strava.com;runkeeper.com;*.runkeeper.com;underarmour.com;*.underarmour.com;reebok.com;*.reebok.com;puma.com;*.puma.com;newbalance.com;*.newbalance.com;skechers.com;*.skechers.com;asics.com;*.asics.com;brooks.com;*.brooks.com;hokaoneone.com;*.hokaoneone.com;altra.com;*.altra.com;mizuno.com;*.mizuno.com;saucony.com;*.saucony.com;merrell.com;*.merrell.com;keen.com;*.keen.com;thenorthface.com;*.thenorthface.com;columbia.com;*.columbia.com;patagonia.com;*.patagonia.com;rei.com;*.rei.com;backcountry.com;*.backcountry.com;moosejaw.com;*.moosejaw.com;steepandcheap.com;*.steepandcheap.com;ems.com;*.ems.com;sierratradingpost.com;*.sierratradingpost.com;cabelas.com;*.cabelas.com;basspro.com;*.basspro.com;dickssportinggoods.com;*.dickssportinggoods.com;academy.com;*.academy.com;sportchek.com;*.sportchek.com;footlocker.com;*.footlocker.com;finishline.com;*.finishline.com;eastbay.com;*.eastbay.com;champssports.com;*.champssports.com;footaction.com;*.footaction.com;jimmyjazz.com;*.jimmyjazz.com;stadiumgoods.com;*.stadiumgoods.com;goat.com;*.goat.com;stockx.com;*.stockx.com;flightclub.com;*.flightclub.com
Gambling,bet365.com;*.bet365.com;betway.com;*.betway.com;888.com;*.888.com;williamhill.com;*.williamhill.com;paddypower.com;*.paddypower.com;ladbrokes.com;*.ladbrokes.com;unibet.com;*.unibet.com;bwin.com;*.bwin.com;betfair.com;*.betfair.com;pokerstars.com;*.pokerstars.com;partypoker.com;*.partypoker.com;ggpoker.com;*.ggpoker.com;wsop.com;*.wsop.com;fulltilt.com;*.fulltilt.com;bovada.lv;*.bovada.lv;betonline.ag;*.betonline.ag;draftkings.com;*.draftkings.com;fanduel.com;*.fanduel.com;betmgm.com;*.betmgm.com;caesars.com;*.caesars.com;foxbet.com;*.foxbet.com;pointsbet.com;*.pointsbet.com;barstoolsportsbook.com;*.barstoolsportsbook.com;wynn.com;*.wynn.com;betrivers.com;*.betrivers.com;sugarhouse.com;*.sugarhouse.com;twinspires.com;*.twinspires.com;betamerica.com;*.betamerica.com;4njbets.com;*.4njbets.com;tvg.com;*.tvg.com;xpressbet.com;*.xpressbet.com;betfred.com;*.betfred.com;coral.co.uk;*.coral.co.uk;skybet.com;*.skybet.com;betvictor.com;*.betvictor.com;marathonbet.com;*.marathonbet.com;pinnacle.com;*.pinnacle.com;betsson.com;*.betsson.com;nordicbet.com;*.nordicbet.com;coolbet.com;*.coolbet.com;leovegas.com;*.leovegas.com;casumo.com;*.casumo.com;mrgreen.com;*.mrgreen.com;bethard.com;*.bethard.com;rizk.com;*.rizk.com;dafabet.com;*.dafabet.com;22bet.com;*.22bet.com;1xbet.com;*.1xbet.com;melbet.com;*.melbet.com;parimatch.com;*.parimatch.com;betclic.com;*.betclic.com;winamax.fr;*.winamax.fr;pmu.fr;*.pmu.fr;tipico.de;*.tipico.de;bet-at-home.com;*.bet-at-home.com;interwetten.com;*.interwetten.com;betano.com;*.betano.com;stoiximan.gr;*.stoiximan.gr;betano.pt;*.betano.pt;sisal.it;*.sisal.it;snai.it;*.snai.it;eurobet.it;*.eurobet.it;planetwin365.it;*.planetwin365.it;betflag.it;*.betflag.it;betstars.it;*.betstars.it;starcasino.it;*.starcasino.it;admiralyes.it;*.admiralyes.it;betway.it;*.betway.it;pokerstars.it;*.pokerstars.it;888.it;*.888.it;bwin.it;*.bwin.it;unibet.it;*.unibet.it;betfair.it;*.betfair.it;williamhill.it;*.williamhill.it;bet365.it;*.bet365.it;betsson.it;*.betsson.it;leovegas.it;*.leovegas.it;starvegas.it;*.starvegas.it;betclic.it;*.betclic.it;betflag.it;*.betflag.it;betaland.it;*.betaland.it;goldbet.it;*.goldbet.it;admiralbet.it;*.admiralbet.it;betpoint.it;*.betpoint.it;betway.es;*.betway.es;888.es;*.888.es;bwin.es;*.bwin.es;bet365.es;*.bet365.es;williamhill.es;*.williamhill.es;betfair.es;*.betfair.es;pokerstars.es;*.pokerstars.es;partypoker.es;*.partypoker.es;888poker.es;*.888poker.es;winamax.es;*.winamax.es;betsson.es;*.betsson.es;leovegas.es;*.leovegas.es;casumo.es;*.casumo.es;mrgreen.es;*.mrgreen.es;bethard.es;*.bethard.es;rizk.es;*.rizk.es;dafabet.es;*.dafabet.es;22bet.es;*.22bet.es;1xbet.es;*.1xbet.es;melbet.es;*.melbet.es;parimatch.es;*.parimatch.es;betclic.es;*.betclic.es;pmu.es;*.pmu.es;tipico.es;*.tipico.es;bet-at-home.es;*.bet-at-home.es;interwetten.es;*.interwetten.es;betano.es;*.betano.es;stoiximan.es;*.stoiximan.es;betano.pt;*.betano.pt;sisal.es;*.sisal.es;snai.es;*.snai.es;eurobet.es;*.eurobet.es;planetwin365.es;*.planetwin365.es;betflag.es;*.betflag.es;betstars.es;*.betstars.es;starcasino.es;*.starcasino.es;admiralyes.es;*.admiralyes.es;betway.pt;*.betway.pt;888.pt;*.888.pt;bwin.pt;*.bwin.pt;bet365.pt;*.bet365.pt;williamhill.pt;*.williamhill.pt;betfair.pt;*.betfair.pt;pokerstars.pt;*.pokerstars.pt;partypoker.pt;*.partypoker.pt;888poker.pt;*.888poker.pt;winamax.pt;*.winamax.pt
Phishing,all4webs.com; www.pouncingpaws.com; www.jip.8m.net; maleposer.com; www.indianhockey.com;
Legal_Movies,netflix.com;*.netflix.com;hulu.com;*.hulu.com;amazonprime.com;*.amazonprime.com;disneyplus.com;*.disneyplus.com;hbomax.com;*.hbomax.com;peacocktv.com;*.peacocktv.com;paramountplus.com;*.paramountplus.com;appletv.com;*.appletv.com;vudu.com;*.vudu.com;youtubemovies.com;*.youtubemovies.com;playmovies.google.com;*.playmovies.google.com;movies.com;*.movies.com;fandango.com;*.fandango.com;moviesanywhere.com;*.moviesanywhere.com;criterion.com;*.criterion.com;mubi.com;*.mubi.com;tubitv.com;*.tubitv.com;pluto.tv;*.pluto.tv;crackle.com;*.crackle.com;popcornflix.com;*.popcornflix.com;kanopy.com;*.kanopy.com;plex.tv;*.plex.tv;imdb.com;*.imdb.com;starz.com;*.starz.com;showtime.com;*.showtime.com;epix.com;*.epix.com;shudder.com;*.shudder.com;acorn.tv;*.acorn.tv;britbox.com;*.britbox.com;curiositystream.com;*.curiositystream.com;amc.com;*.amc.com;fxnow.com;*.fxnow.com;tntdrama.com;*.tntdrama.com;tbs.com;*.tbs.com;adultswim.com;*.adultswim.com;tcm.com;*.tcm.com;ifc.com;*.ifc.com;sundancetv.com;*.sundancetv.com;bbcamerica.com;*.bbcamerica.com;bbciplayer.com;*.bbciplayer.com;channel4.com;*.channel4.com;itv.com;*.itv.com;channel5.com;*.channel5.com;nowtv.com;*.nowtv.com;stan.com.au;*.stan.com.au;binge.com.au;*.binge.com.au;foxtel.com.au;*.foxtel.com.au;crave.ca;*.crave.ca;ctv.ca;*.ctv.ca;globaltv.com;*.globaltv.com;citytv.com;*.citytv.com;hotstar.com;*.hotstar.com;zee5.com;*.zee5.com;sonyliv.com;*.sonyliv.com;voot.com;*.voot.com;jiocinema.com;*.jiocinema.com;erosnow.com;*.erosnow.com;altbalaji.com;*.altbalaji.com;mxplayer.in;*.mxplayer.in;hungama.com;*.hungama.com;viki.com;*.viki.com;wetv.com;*.wetv.com;iqiyi.com;*.iqiyi.com;youku.com;*.youku.com;bilibili.com;*.bilibili.com;tencentvideo.com;*.tencentvideo.com;wavve.com;*.wavve.com;tving.com;*.tving.com;watcha.com;*.watcha.com;catchplay.com;*.catchplay.com;hooq.tv;*.hooq.tv;iflix.com;*.iflix.com;viu.com;*.viu.com;mewatch.com;*.mewatch.com;rtlplay.com;*.rtlplay.com;videoland.com;*.videoland.com;npo.com;*.npo.com;canalplus.com;*.canalplus.com;6play.com;*.6play.com;salto.com;*.salto.com;joyn.com;*.joyn.com;tvnow.com;*.tvnow.com;zdf.com;*.zdf.com;arte.tv;*.arte.tv;mediaset.com;*.mediaset.com;raiplay.com;*.raiplay.com;mitele.com;*.mitele.com;atresplayer.com;*.atresplayer.com;rtve.com;*.rtve.com;hulujp.com;*.hulujp.com;unext.com;*.unext.com;abema.tv;*.abema.tv;dazn.com;*.dazn.com;rakuten.tv;*.rakuten.tv;wowow.com;*.wowow.com;paravi.com;*.paravi.com;telasa.com;*.telasa.com;videopass.com;*.videopass.com;dmm.com;*.dmm.com;bandaichannel.com;*.bandaichannel.com;animeondemand.com;*.animeondemand.com;crunchyroll.com;*.crunchyroll.com;funimation.com;*.funimation.com;hidive.com;*.hidive.com;retrocrush.com;*.retrocrush.com;asiancrush.com;*.asiancrush.com;mydramalist.com;*.mydramalist.com;kocowa.com;*.kocowa.com;ondemandkorea.com;*.ondemandkorea.com;tubi.tv;*.tubi.tv;sling.com;*.sling.com;fubo.tv;*.fubo.tv;philo.com;*.philo.com;directv.com;*.directv.com;dish.com;*.dish.com;spectrum.com;*.spectrum.com;xfinity.com;*.xfinity.com;cox.com;*.cox.com;optimum.com;*.optimum.com;fios.com;*.fios.com;attv.com;*.attv.com
Alcohol,absolut.com;*.absolut.com;heineken.com;*.heineken.com;budweiser.com;*.budweiser.com;corona.com;*.corona.com;carlsberg.com;*.carlsberg.com;guinness.com;*.guinness.com;jackdaniels.com;*.jackdaniels.com;johnniewalker.com;*.johnniewalker.com;smirnoff.com;*.smirnoff.com;bacardi.com;*.bacardi.com;hennessy.com;*.hennessy.com;greygoose.com;*.greygoose.com;chivas.com;*.chivas.com;glenfiddich.com;*.glenfiddich.com;glenlivet.com;*.glenlivet.com;macallan.com;*.macallan.com;dewars.com;*.dewars.com;jameson.com;*.jameson.com;baileys.com;*.baileys.com;kahlua.com;*.kahlua.com;malibu.com;*.malibu.com;patron.com;*.patron.com;donjulio.com;*.donjulio.com;josecuervo.com;*.josecuervo.com;1800tequila.com;*.1800tequila.com;casamigos.com;*.casamigos.com;ciroc.com;*.ciroc.com;belvedere.com;*.belvedere.com;ketelone.com;*.ketelone.com;bombaysapphire.com;*.bombaysapphire.com;tanqueray.com;*.tanqueray.com;hendricksgin.com;*.hendricksgin.com;beefeatergin.com;*.beefeatergin.com;martini.com;*.martini.com;campari.com;*.campari.com;aperol.com;*.aperol.com;jagermeister.com;*.jagermeister.com;cointreau.com;*.cointreau.com;grandmarnier.com;*.grandmarnier.com;disaronno.com;*.disaronno.com;totalwine.com;*.totalwine.com;bevmo.com;*.bevmo.com;wine.com;*.wine.com;winespectator.com;*.winespectator.com;robertparker.com;*.robertparker.com;vinfolio.com;*.vinfolio.com;winebid.com;*.winebid.com;nakedwines.com;*.nakedwines.com;winelibrary.com;*.winelibrary.com;wineenthusiast.com;*.wineenthusiast.com;winedirect.com;*.winedirect.com;winefolly.com;*.winefolly.com;vivino.com;*.vivino.com;cellartracker.com;*.cellartracker.com;drizly.com;*.drizly.com;minibar.com;*.minibar.com;saucey.com;*.saucey.com;reservebar.com;*.reservebar.com;caskers.com;*.caskers.com;flaviar.com;*.flaviar.com;masterofmalt.com;*.masterofmalt.com;thewhiskyexchange.com;*.thewhiskyexchange.com;whiskyshop.com;*.whiskyshop.com;finedrams.com;*.finedrams.com;thewhiskybarrel.com;*.thewhiskybarrel.com;whiskyauctioneer.com;*.whiskyauctioneer.com;scotchwhiskyauctions.com;*.scotchwhiskyauctions.com;whiskyhammer.com;*.whiskyhammer.com;craftbeer.com;*.craftbeer.com;beeradvocate.com;*.beeradvocate.com;ratebeer.com;*.ratebeer.com;untappd.com;*.untappd.com;brewbound.com;*.brewbound.com;craftbrew.com;*.craftbrew.com;brewersassociation.org;*.brewersassociation.org;beerhunter.com;*.beerhunter.com;beerandbrewing.com;*.beerandbrewing.com;craftbeerkings.com;*.craftbeerkings.com;craftshack.com;*.craftshack.com;belgianshop.com;*.belgianshop.com;beermonthclub.com;*.beermonthclub.com;beerwulf.com;*.beerwulf.com;beercartel.com;*.beercartel.com;beerhawk.com;*.beerhawk.com;beerstore.com;*.beerstore.com;beermile.com;*.beermile.com;beermenus.com;*.beermenus.com;beertemple.com;*.beertemple.com;beerfest.com;*.beerfest.com;beerweek.com;*.beerweek.com;beertasting.com;*.beertasting.com;beercellar.com;*.beercellar.com;beerclub.com;*.beerclub.com;beercollector.com;*.beercollector.com;beerexchange.com;*.beerexchange.com;beertrading.com;*.beertrading.com;beertrade.com;*.beertrade.com;beerswap.com;*.beerswap.com;beerpal.com;*.beerpal.com;beerbuddy.com;*.beerbuddy.com;beerfinder.com;*.beerfinder.com;beermap.com;*.beermap.com;beerguide.com;*.beerguide.com;beerjournal.com;*.beerjournal.com;beerreview.com;*.beerreview.com;beerrating.com;*.beerrating.com;beerscore.com;*.beerscore.com;beerranking.com;*.beerranking.com;beerlist.com;*.beerlist.com;beermenu.com;*.beermenu.com;beerbar.com;*.beerbar.com;beerpub.com;*.beerpub.com;beergarden.com;*.beergarden.com;beerhouse.com;*.beerhouse.com;beerhall.com;*.beerhall.com;beertavern.com;*.beertavern.com;beercellar.com;*.beercellar.com;beershop.com;*.beershop.com;beerstore.com;*.beerstore.com;beermarket.com;*.beermarket.com;beerwarehouse.com;*.beerwarehouse.com;beerdepot.com;*.beerdepot.com;beeroutlet.com;*.beeroutlet.com;beermall.com;*.beermall.com;beermart.com;*.beermart.com;beerworld.com;*.beerworld.com;bbvwine.com;*.bbvwine.com;dubuisson.com;*.dubuisson.com;foxrunvineyards.com;*.foxrunvineyards.com;mjg.ca;*.mjg.ca;boozeshop.ph;*.boozeshop.ph
Arts,artloss.com;*.artloss.com;artmight.com;*.artmight.com;artwolfe.com;*.artwolfe.com;bigcartel.com;*.bigcartel.com;christies.com;*.christies.com;sothebys.com;*.sothebys.com;artsy.net;*.artsy.net;saatchiart.com;*.saatchiart.com;artnet.com;*.artnet.com;artspace.com;*.artspace.com;gagosian.com;*.gagosian.com;pacegallery.com;*.pacegallery.com;davidzwirner.com;*.davidzwirner.com;hauser-wirth.com;*.hauser-wirth.com;whitecube.com;*.whitecube.com;thisiscolossal.com;*.thisiscolossal.com;artforum.com;*.artforum.com;e-flux.com;*.e-flux.com;hyperallergic.com;*.hyperallergic.com;artnews.com;*.artnews.com;frieze.com;*.frieze.com;artreview.com;*.artreview.com;juxtapoz.com;*.juxtapoz.com;hi-fructose.com;*.hi-fructose.com;artistsnetwork.com;*.artistsnetwork.com;wetcanvas.com;*.wetcanvas.com;deviantart.com;*.deviantart.com;behance.net;*.behance.net;artstation.com;*.artstation.com;cgtrader.com;*.cgtrader.com;turbosquid.com;*.turbosquid.com;sketchfab.com;*.sketchfab.com;pixiv.net;*.pixiv.net;artfinder.com;*.artfinder.com;singulart.com;*.singulart.com;1stdibs.com;*.1stdibs.com;invaluable.com;*.invaluable.com;liveauctioneers.com;*.liveauctioneers.com;mutualart.com;*.mutualart.com;artprice.com;*.artprice.com;askart.com;*.askart.com;artbasel.com;*.artbasel.com;tefaf.com;*.tefaf.com;frieze.com;*.frieze.com;paddle8.com;*.paddle8.com;phillips.com;*.phillips.com;bonhams.com;*.bonhams.com;dorotheum.com;*.dorotheum.com;lempertz.com;*.lempertz.com;koller.com;*.koller.com;bukowskis.com;*.bukowskis.com;lauritz.com;*.lauritz.com;bruun-rasmussen.com;*.bruun-rasmussen.com;artcurial.com;*.artcurial.com;drouot.com;*.drouot.com;tajan.com;*.tajan.com;piasa.fr;*.piasa.fr;cornette-saintcyr.com;*.cornette-saintcyr.com;millon.com;*.millon.com;aguttes.com;*.aguttes.com;artcurial.com;*.artcurial.com;saffronart.com;*.saffronart.com;astaguru.com;*.astaguru.com;christophe-joron-derem.com;*.christophe-joron-derem.com;roseberys.co.uk;*.roseberys.co.uk;sworder.co.uk;*.sworder.co.uk;mallams.co.uk;*.mallams.co.uk;woolley.co.uk;*.woolley.co.uk;dreweatts.com;*.dreweatts.com;chiswick.co.uk;*.chiswick.co.uk;forumauctions.co.uk;*.forumauctions.co.uk;lyonandturnbull.com;*.lyonandturnbull.com;mctears.co.uk;*.mctears.co.uk;swannauctions.com;*.swannauctions.com;skinnerinc.com;*.skinnerinc.com;freemansauction.com;*.freemansauction.com;cowans.com;*.cowans.com;hindmanauctions.com;*.hindmanauctions.com;lesliehindman.com;*.lesliehindman.com;rago.com;*.rago.com;heritageauctions.com;*.heritageauctions.com;stacksbowers.com;*.stacksbowers.com;ha.com;*.ha.com;doyle.com;*.doyle.com;keno.com;*.keno.com;michaans.com;*.michaans.com;clars.com;*.clars.com;butterscotchauction.com;*.butterscotchauction.com;artinfo.com;*.artinfo.com;artdaily.org;*.artdaily.org;theartnewspaper.com;*.theartnewspaper.com;apollo-magazine.com;*.apollo-magazine.com;antiquesandthearts.com;*.antiquesandthearts.com;artfixdaily.com;*.artfixdaily.com;artmarketmonitor.com;*.artmarketmonitor.com;artnewsletter.com;*.artnewsletter.com;arteconomist.com;*.arteconomist.com;artinvestor.com;*.artinvestor.com;artbanc.com;*.artbanc.com;artinsurance.com;*.artinsurance.com;artguardian.com;*.artguardian.com;artregister.com;*.artregister.com;artlawregistry.com;*.artlawregistry.com;artrecovery.com;*.artrecovery.com;artclaims.com;*.artclaims.com;artresolution.com;*.artresolution.com;artslaw.com;*.artslaw.com;artlawfirm.com;*.artlawfirm.com;artlawteam.com;*.artlawteam.com;artlawexpert.com;*.artlawexpert.com;artlawgroup.com;*.artlawgroup.com;artlawpartners.com;*.artlawpartners.com;artlawcounsel.com;*.artlawcounsel.com;artlawadvisors.com;*.artlawadvisors.com;artlawconsultants.com;*.artlawconsultants.com;artlawservices.com;*.artlawservices.com;artlawsolutions.com;*.artlawsolutions.com;artlawresources.com;*.artlawresources.com
Books_or_comics,barnesandnoble.com;*.barnesandnoble.com;bloodaxebooks.com;*.bloodaxebooks.com;brooklinebooksmith.com;*.brooklinebooksmith.com;commaful.com;*.commaful.com;dismantlingracism.org;*.dismantlingracism.org;amazon.com;*.amazon.com;bookdepository.com;*.bookdepository.com;abebooks.com;*.abebooks.com;thriftbooks.com;*.thriftbooks.com;betterworldbooks.com;*.betterworldbooks.com;powells.com;*.powells.com;booksamillion.com;*.booksamillion.com;indiebound.org;*.indiebound.org;bookshop.org;*.bookshop.org;strandbooks.com;*.strandbooks.com;comixology.com;*.comixology.com;marvel.com;*.marvel.com;dccomics.com;*.dccomics.com;darkhorse.com;*.darkhorse.com;imagecomics.com;*.imagecomics.com;viz.com;*.viz.com;kodansha.us;*.kodansha.us;sevenseasentertainment.com;*.sevenseasentertainment.com;yenpress.com;*.yenpress.com;vertigo.com;*.vertigo.com;fantagraphics.com;*.fantagraphics.com;firstsecondbooks.com;*.firstsecondbooks.com;scholastic.com;*.scholastic.com;penguinrandomhouse.com;*.penguinrandomhouse.com;harpercollins.com;*.harpercollins.com;simonandschuster.com;*.simonandschuster.com;macmillan.com;*.macmillan.com;hachettebookgroup.com;*.hachettebookgroup.com;tor.com;*.tor.com;orbitbooks.net;*.orbitbooks.net;daw.com;*.daw.com;baen.com;*.baen.com;dynamite.com;*.dynamite.com;idwpublishing.com;*.idwpublishing.com;boom-studios.com;*.boom-studios.com;valiantentertainment.com;*.valiantentertainment.com;archiecomics.com;*.archiecomics.com;aspen.com;*.aspen.com;zenescope.com;*.zenescope.com;aftershockcomics.com;*.aftershockcomics.com;lionforge.com;*.lionforge.com;oni-press.com;*.oni-press.com;topshelfcomix.com;*.topshelfcomix.com;nbmpub.com;*.nbmpub.com;humanoids.com;*.humanoids.com;ablongman.com;*.ablongman.com;abramsbooks.com;*.abramsbooks.com;academicpress.com;*.academicpress.com;addall.com;*.addall.com;akashicbooks.com;*.akashicbooks.com;alibris.com;*.alibris.com;allenandunwin.com;*.allenandunwin.com;americanpoetry.com;*.americanpoetry.com;anarchistlibrary.org;*.anarchistlibrary.org;anthempressblog.com;*.anthempressblog.com;antiquarian.com;*.antiquarian.com;arcadiapublishing.com;*.arcadiapublishing.com;archipelago.org;*.archipelago.org;artechhouse.com;*.artechhouse.com;ascd.org;*.ascd.org;ashgate.com;*.ashgate.com;asupress.asu.edu;*.asupress.asu.edu;atticusbooks.com;*.atticusbooks.com;audiobookstand.com;*.audiobookstand.com;authorhouse.com;*.authorhouse.com;avalon.com;*.avalon.com;avenuevictorhugo.com;*.avenuevictorhugo.com;babelio.com;*.babelio.com;basicbooks.com;*.basicbooks.com;beacon.org;*.beacon.org;bearalley.blogspot.com;*.bearalley.blogspot.com;beehivebooks.com;*.beehivebooks.com;belknap.com;*.belknap.com;berkleyjaipur.com;*.berkleyjaipur.com;biblio.com;*.biblio.com;biblioasis.com;*.biblioasis.com;bibliovault.org;*.bibliovault.org;biggerbooks.com;*.biggerbooks.com;blackwellpublishing.com;*.blackwellpublishing.com;blaft.com;*.blaft.com;bloomsbury.com;*.bloomsbury.com;bookcloseouts.com;*.bookcloseouts.com;bookfinder.com;*.bookfinder.com;booklistonline.com;*.booklistonline.com;bookmasters.com;*.bookmasters.com;bookmooch.com;*.bookmooch.com;bookpage.com;*.bookpage.com;bookrags.com;*.bookrags.com;booksense.com;*.booksense.com;booksprice.com;*.booksprice.com;bookspot.com;*.bookspot.com;bookweb.org;*.bookweb.org;bookwire.com;*.bookwire.com;bordersstores.com;*.bordersstores.com;brilliance.com;*.brilliance.com;broadwaybooks.com;*.broadwaybooks.com;cambridge.org;*.cambridge.org;candlewick.com;*.candlewick.com;chroniclebooks.com;*.chroniclebooks.com;citylights.com;*.citylights.com;classicbookshelf.com;*.classicbookshelf.com;coffeehousepress.org;*.coffeehousepress.org;collectorsguide.com;*.collectorsguide.com;comicbookdb.com;*.comicbookdb.com;comicbookresources.com;*.comicbookresources.com;comicology.com;*.comicology.com;comicsbeat.com;*.comicsbeat.com;comicshoplocator.com;*.comicshoplocator.com;comicspriceguide.com;*.comicspriceguide.com;consortium.org;*.consortium.org;continuumbooks.com;*.continuumbooks.com;cqpress.com;*.cqpress.com;creativecommons.org;*.creativecommons.org;dalkey.com;*.dalkey.com;dalkeyarchive.com;*.dalkeyarchive.com;deepbooks.com;*.deepbooks.com;digitalcomicmuseum.com;*.digitalcomicmuseum.com;digitalbookindex.org;*.digitalbookindex.org;dogearpublishing.net;*.dogearpublishing.net;doverpublications.com;*.doverpublications.com;ebookmall.com;*.ebookmall.com;ecampus.com;*.ecampus.com;efollett.com;*.efollett.com;eharlequin.com;*.eharlequin.com;elsevier.com;*.elsevier.com;emeraldinsight.com;*.emeraldinsight.com
Bussiness_and_services,12guitars.org;*.12guitars.org;1gb.ru;*.1gb.ru;1hrtitleloans.com;*.1hrtitleloans.com;a16z.com;*.a16z.com;actiance.com;*.actiance.com;salesforce.com;*.salesforce.com;sap.com;*.sap.com;oracle.com;*.oracle.com;microsoft.com;*.microsoft.com;ibm.com;*.ibm.com;hubspot.com;*.hubspot.com;zendesk.com;*.zendesk.com;freshworks.com;*.freshworks.com;zoho.com;*.zoho.com;workday.com;*.workday.com;servicenow.com;*.servicenow.com;atlassian.com;*.atlassian.com;slack.com;*.slack.com;asana.com;*.asana.com;monday.com;*.monday.com;notion.so;*.notion.so;airtable.com;*.airtable.com;clickup.com;*.clickup.com;wrike.com;*.wrike.com;basecamp.com;*.basecamp.com;trello.com;*.trello.com;quickbooks.com;*.quickbooks.com;xero.com;*.xero.com;freshbooks.com;*.freshbooks.com;sage.com;*.sage.com;netsuite.com;*.netsuite.com;shopify.com;*.shopify.com;bigcommerce.com;*.bigcommerce.com;woocommerce.com;*.woocommerce.com;magento.com;*.magento.com;squarespace.com;*.squarespace.com;wix.com;*.wix.com;weebly.com;*.weebly.com;godaddy.com;*.godaddy.com;namecheap.com;*.namecheap.com;hostgator.com;*.hostgator.com;bluehost.com;*.bluehost.com;digitalocean.com;*.digitalocean.com;aws.amazon.com;*.aws.amazon.com;cloud.google.com;*.cloud.google.com;heroku.com;*.heroku.com;mailchimp.com;*.mailchimp.com;constantcontact.com;*.constantcontact.com;sendgrid.com;*.sendgrid.com;stripe.com;*.stripe.com;square.com;*.square.com;paypal.com;*.paypal.com;intuit.com;*.intuit.com;adp.com;*.adp.com;paychex.com;*.paychex.com;gusto.com;*.gusto.com;bamboohr.com;*.bamboohr.com;workday.com;*.workday.com;lever.co;*.lever.co;greenhouse.io;*.greenhouse.io;indeed.com;*.indeed.com;linkedin.com;*.linkedin.com;monster.com;*.monster.com;ziprecruiter.com;*.ziprecruiter.com;glassdoor.com;*.glassdoor.com;docusign.com;*.docusign.com;adobe.com;*.adobe.com;dropbox.com;*.dropbox.com;box.com;*.box.com;onedrive.com;*.onedrive.com;gsuite.google.com;*.gsuite.google.com;office365.com;*.office365.com;zoom.us;*.zoom.us;gotomeeting.com;*.gotomeeting.com;webex.com;*.webex.com;ringcentral.com;*.ringcentral.com;8x8.com;*.8x8.com;vonage.com;*.vonage.com;grasshopper.com;*.grasshopper.com;dialpad.com;*.dialpad.com;twilio.com;*.twilio.com;intercom.com;*.intercom.com;drift.com;*.drift.com;zendesk.com;*.zendesk.com;freshdesk.com;*.freshdesk.com;helpscout.com;*.helpscout.com;surveymonkey.com;*.surveymonkey.com;typeform.com;*.typeform.com;qualtrics.com;*.qualtrics.com;hootsuite.com;*.hootsuite.com;buffer.com;*.buffer.com;sproutsocial.com;*.sproutsocial.com;later.com;*.later.com;canva.com;*.canva.com;sketch.com;*.sketch.com;figma.com;*.figma.com;invision.com;*.invision.com;adobe.com;*.adobe.com;autodesk.com;*.autodesk.com;solidworks.com;*.solidworks.com;tableau.com;*.tableau.com;powerbi.com;*.powerbi.com;looker.com;*.looker.com;sisense.com;*.sisense.com;qlik.com;*.qlik.com;domo.com;*.domo.com;amplitude.com;*.amplitude.com;mixpanel.com;*.mixpanel.com;segment.com;*.segment.com;optimizely.com;*.optimizely.com;crazyegg.com;*.crazyegg.com;hotjar.com;*.hotjar.com;fullstory.com;*.fullstory.com;heap.io;*.heap.io;pendo.io;*.pendo.io;appsflyer.com;*.appsflyer.com;adjust.com;*.adjust.com;braze.com;*.braze.com;iterable.com;*.iterable.com;klaviyo.com;*.klaviyo.com;marketo.com;*.marketo.com;pardot.com;*.pardot.com;eloqua.com;*.eloqua.com;hubspot.com;*.hubspot.com;act-on.com;*.act-on.com;autopilot.com;*.autopilot.com;customerio.com;*.customerio.com;sendgrid.com;*.sendgrid.com;mailgun.com;*.mailgun.com;postmarkapp.com;*.postmarkapp.com;sparkpost.com;*.sparkpost.com;mandrill.com;*.mandrill.com;amazonses.com;*.amazonses.com;sendwithus.com;*.sendwithus.com;mailjet.com;*.mailjet.com;sendinblue.com;*.sendinblue.com;constantcontact.com;*.constantcontact.com;campaignmonitor.com;*.campaignmonitor.com;getresponse.com;*.getresponse.com;activecampaign.com;*.activecampaign.com;drip.com;*.drip.com;convertkit.com;*.convertkit.com;aweber.com;*.aweber.com;mailerlite.com;*.mailerlite.com;moosend.com;*.moosend.com;omnisend.com;*.omnisend.com
Cartoon_Comics,totaberlustig.com;*.totaberlustig.com;purplepussy.net;*.purplepussy.net;mrbang.net;*.mrbang.net;somethingpositive.net;*.somethingpositive.net;level32.net;*.level32.net;marvel.com;*.marvel.com;dccomics.com;*.dccomics.com;comixology.com;*.comixology.com;webtoons.com;*.webtoons.com;tapas.io;*.tapas.io;mangadex.org;*.mangadex.org;viz.com;*.viz.com;darkhorse.com;*.darkhorse.com;imagecomics.com;*.imagecomics.com;archiecomics.com;*.archiecomics.com;gocomics.com;*.gocomics.com;comics.com;*.comics.com;xkcd.com;*.xkcd.com;penny-arcade.com;*.penny-arcade.com;explosm.net;*.explosm.net;theoatmeal.com;*.theoatmeal.com;questionablecontent.net;*.questionablecontent.net;gunnerkrigg.com;*.gunnerkrigg.com;girlgeniusonline.com;*.girlgeniusonline.com;smackjeeves.com;*.smackjeeves.com;toonhole.com;*.toonhole.com;mangakakalot.com;*.mangakakalot.com;mangareader.net;*.mangareader.net;mangafox.me;*.mangafox.me;manganelo.com;*.manganelo.com;mangahere.cc;*.mangahere.cc;mangapanda.com;*.mangapanda.com;mangapark.net;*.mangapark.net;mangarock.com;*.mangarock.com;mangastream.com;*.mangastream.com;mangatown.com;*.mangatown.com;readcomiconline.to;*.readcomiconline.to;comicextra.com;*.comicextra.com;readcomicsonline.ru;*.readcomicsonline.ru;viewcomics.me;*.viewcomics.me;readdc.com;*.readdc.com;readmarvel.com;*.readmarvel.com;comicpunch.net;*.comicpunch.net;newcomic.org;*.newcomic.org;readcomics.io;*.readcomics.io;comic-rocket.com;*.comic-rocket.com;tapastic.com;*.tapastic.com;linewebtoon.com;*.linewebtoon.com;toomics.com;*.toomics.com;lezhin.com;*.lezhin.com;tappytoon.com;*.tappytoon.com;webcomicsapp.com;*.webcomicsapp.com;mangago.me;*.mangago.me;mangaowl.net;*.mangaowl.net;mangahub.io;*.mangahub.io;mangaplus.shueisha.co.jp;*.mangaplus.shueisha.co.jp;comic-walker.com;*.comic-walker.com;sunday-webry.com;*.sunday-webry.com;manga-zero.com;*.manga-zero.com;comico.jp;*.comico.jp;pixiv.net;*.pixiv.net;mangabox.me;*.mangabox.me;mangapark.org;*.mangapark.org;mangainn.net;*.mangainn.net;mangaeden.com;*.mangaeden.com;mangafox.online;*.mangafox.online;mangafreak.net;*.mangafreak.net;mangahasu.se;*.mangahasu.se;mangahere.onl;*.mangahere.onl;mangakakalots.com;*.mangakakalots.com;manganelos.com;*.manganelos.com;mangareader.site;*.mangareader.site;mangarock.io;*.mangarock.io;mangasee123.com;*.mangasee123.com;mangastream.cc;*.mangastream.cc;mangatown.online;*.mangatown.online;nineanime.com;*.nineanime.com;readmng.com;*.readmng.com;mangafast.net;*.mangafast.net;mangakakalot.fun;*.mangakakalot.fun;mangapanda.onl;*.mangapanda.onl;mangapark.me;*.mangapark.me;mangarock.win;*.mangarock.win;mangastream.in;*.mangastream.in;mangatown.info;*.mangatown.info;readmanganato.com;*.readmanganato.com;asurascans.com;*.asurascans.com;flamescans.org;*.flamescans.org;reaperscans.com;*.reaperscans.com;leviatanscans.com;*.leviatanscans.com;zeroscans.com;*.zeroscans.com;mangadex.tv;*.mangadex.tv;mangasushi.net;*.mangasushi.net;manhuaplus.com;*.manhuaplus.com;toonily.com;*.toonily.com;webtoon.xyz;*.webtoon.xyz;mangajar.com;*.mangajar.com;mangakakalot.city;*.mangakakalot.city;manganato.com;*.manganato.com;readm.org;*.readm.org;mangabuddy.com;*.mangabuddy.com;mangaclash.com;*.mangaclash.com;mangadex.org.uk;*.mangadex.org.uk;mangaforfree.com;*.mangaforfree.com;mangahere.us;*.mangahere.us;mangahub.se;*.mangahub.se;mangakakalot.tv;*.mangakakalot.tv;manganelo.tv;*.manganelo.tv;mangapill.com;*.mangapill.com;mangaread.org;*.mangaread.org;mangarockteam.com;*.mangarockteam.com;mangasail.co;*.mangasail.co;mangaseeonline.us;*.mangaseeonline.us;mangastream.mobi;*.mangastream.mobi;mangatx.com;*.mangatx.com;manhuascan.com;*.manhuascan.com;readmanhua.net;*.readmanhua.net;zinmanga.com;*.zinmanga.com
Charity,parachutecanada.org;*.parachutecanada.org;kiva.org;*.kiva.org;rescuesiamese.com;*.rescuesiamese.com;crazycatladies.org;*.crazycatladies.org;feralcat.com;*.feralcat.com;unicef.org;*.unicef.org;redcross.org;*.redcross.org;salvationarmy.org;*.salvationarmy.org;doctorswithoutborders.org;*.doctorswithoutborders.org;worldvision.org;*.worldvision.org;care.org;*.care.org;oxfam.org;*.oxfam.org;savethechildren.org;*.savethechildren.org;stjude.org;*.stjude.org;feedingamerica.org;*.feedingamerica.org;habitat.org;*.habitat.org;aspca.org;*.aspca.org;peta.org;*.peta.org;wwf.org;*.wwf.org;greenpeace.org;*.greenpeace.org;nature.org;*.nature.org;cancer.org;*.cancer.org;heart.org;*.heart.org;diabetes.org;*.diabetes.org;lung.org;*.lung.org;alz.org;*.alz.org;autismspeaks.org;*.autismspeaks.org;wish.org;*.wish.org;childrensdefense.org;*.childrensdefense.org;girlscouts.org;*.girlscouts.org;boyscouts.org;*.boyscouts.org;ymca.org;*.ymca.org;ywca.org;*.ywca.org;goodwill.org;*.goodwill.org;unitedway.org;*.unitedway.org;catholiccharities.org;*.catholiccharities.org;jewishfederations.org;*.jewishfederations.org;islamicrelief.org;*.islamicrelief.org;lls.org;*.lls.org;komen.org;*.komen.org;michaeljfox.org;*.michaeljfox.org;woundedwarriorproject.org;*.woundedwarriorproject.org;operationsmile.org;*.operationsmile.org;wateraid.org;*.wateraid.org;actionagainsthunger.org;*.actionagainsthunger.org;mercycorps.org;*.mercycorps.org;heifer.org;*.heifer.org;rotary.org;*.rotary.org;lionsclubs.org;*.lionsclubs.org;kiwanis.org;*.kiwanis.org;childreach.org;*.childreach.org;roomtoread.org;*.roomtoread.org;pencilsofpromise.org;*.pencilsofpromise.org;teachforamerica.org;*.teachforamerica.org;donorschoose.org;*.donorschoose.org;adoptaclassroom.org;*.adoptaclassroom.org;firstbook.org;*.firstbook.org;readingpartners.org;*.readingpartners.org;literacypartners.org;*.literacypartners.org;worldreader.org;*.worldreader.org;globalgiving.org;*.globalgiving.org;charitywater.org;*.charitywater.org;water.org;*.water.org;thirstproject.org;*.thirstproject.org;waterforpeople.org;*.waterforpeople.org;waterforkids.org;*.waterforkids.org;waterislife.com;*.waterislife.com;cleanwater.org;*.cleanwater.org;waterproject.org;*.waterproject.org;watercharity.org;*.watercharity.org;waterforwarriors.org;*.waterforwarriors.org;waterwellsforafrica.org;*.waterwellsforafrica.org;waterforall.org;*.waterforall.org;waterforfood.org;*.waterforfood.org;waterforlife.org;*.waterforlife.org;waterforhope.org;*.waterforhope.org;waterforpeace.org;*.waterforpeace.org;waterforchildren.org;*.waterforchildren.org;waterforwomen.org;*.waterforwomen.org;waterforhealth.org;*.waterforhealth.org;waterforeducation.org;*.waterforeducation.org;waterforhumanity.org;*.waterforhumanity.org;waterforall.org;*.waterforall.org;waterforpeople.org;*.waterforpeople.org;waterforlife.org;*.waterforlife.org;waterforhope.org;*.waterforhope.org;waterforpeace.org;*.waterforpeace.org;waterforchildren.org;*.waterforchildren.org;waterforwomen.org;*.waterforwomen.org;waterforhealth.org;*.waterforhealth.org;waterforeducation.org;*.waterforeducation.org;waterforhumanity.org;*.waterforhumanity.org;foodbank.org;*.foodbank.org;feedthehungry.org;*.feedthehungry.org;feedthechildren.org;*.feedthechildren.org;foodforthepoor.org;*.foodforthepoor.org;foodpantries.org;*.foodpantries.org;foodbanks.org;*.foodbanks.org;foodrescue.org;*.foodrescue.org;foodsecurity.org;*.foodsecurity.org;foodaid.org;*.foodaid.org;foodassistance.org;*.foodassistance.org;foodprograms.org;*.foodprograms.org;foodservices.org;*.foodservices.org;foodsupport.org;*.foodsupport.org;foodhelp.org;*.foodhelp.org;foodrelief.org;*.foodrelief.org;foodoutreach.org;*.foodoutreach.org;foodshare.org;*.foodshare.org;foodsource.org;*.foodsource.org;foodsupply.org;*.foodsupply.org;foodsustainability.org;*.foodsustainability.org
Classified_Advertisements,craigslist.org;*.craigslist.org;ebay.com;*.ebay.com;gumtree.com;*.gumtree.com;kijiji.com;*.kijiji.com;olx.com;*.olx.com;offerup.com;*.offerup.com;letgo.com;*.letgo.com;oodle.com;*.oodle.com;hoobly.com;*.hoobly.com;recycler.com;*.recycler.com;pennysaver.com;*.pennysaver.com;geebo.com;*.geebo.com;adpost.com;*.adpost.com;locanto.com;*.locanto.com;classifiedads.com;*.classifiedads.com;vivastreet.com;*.vivastreet.com;leboncoin.fr;*.leboncoin.fr;marktplaats.nl;*.marktplaats.nl;finn.no;*.finn.no;blocket.se;*.blocket.se;dba.dk;*.dba.dk;trademe.co.nz;*.trademe.co.nz;carsales.com.au;*.carsales.com.au;carousell.com;*.carousell.com;mudah.my;*.mudah.my;dubizzle.com;*.dubizzle.com;avito.ru;*.avito.ru;allegro.pl;*.allegro.pl;subito.it;*.subito.it;mercadolibre.com;*.mercadolibre.com;trovit.com;*.trovit.com;yelp.com;*.yelp.com;autotrader.com;*.autotrader.com;cars.com;*.cars.com;cargurus.com;*.cargurus.com;carfax.com;*.carfax.com;edmunds.com;*.edmunds.com;kbb.com;*.kbb.com;truecar.com;*.truecar.com;carmax.com;*.carmax.com;apartments.com;*.apartments.com;zillow.com;*.zillow.com;realtor.com;*.realtor.com;trulia.com;*.trulia.com;redfin.com;*.redfin.com;monster.com;*.monster.com;indeed.com;*.indeed.com;linkedin.com;*.linkedin.com;glassdoor.com;*.glassdoor.com;ziprecruiter.com;*.ziprecruiter.com;dice.com;*.dice.com;careerbuilder.com;*.careerbuilder.com;snagajob.com;*.snagajob.com;etsy.com;*.etsy.com;wayfair.com;*.wayfair.com;overstock.com;*.overstock.com;rakuten.com;*.rakuten.com;newegg.com;*.newegg.com;bhphotovideo.com;*.bhphotovideo.com;adorama.com;*.adorama.com;sweetwater.com;*.sweetwater.com;reverb.com;*.reverb.com;guitarcenter.com;*.guitarcenter.com;musiciansfriend.com;*.musiciansfriend.com;petfinder.com;*.petfinder.com;adoptapet.com;*.adoptapet.com;akc.org;*.akc.org;puppyfind.com;*.puppyfind.com;nextdaypets.com;*.nextdaypets.com;bookfinder.com;*.bookfinder.com;abebooks.com;*.abebooks.com;alibris.com;*.alibris.com;biblio.com;*.biblio.com;thriftbooks.com;*.thriftbooks.com;betterworldbooks.com;*.betterworldbooks.com;powells.com;*.powells.com;booksamillion.com;*.booksamillion.com;barnesandnoble.com;*.barnesandnoble.com;autolist.com;*.autolist.com;carsdirect.com;*.carsdirect.com;newcars.com;*.newcars.com;autobytel.com;*.autobytel.com;carconnection.com;*.carconnection.com;motortrend.com;*.motortrend.com;caranddriver.com;*.caranddriver.com;jalopnik.com;*.jalopnik.com;autoblog.com;*.autoblog.com;roadandtrack.com;*.roadandtrack.com;automobilemag.com;*.automobilemag.com;hagerty.com;*.hagerty.com;hemmings.com;*.hemmings.com;bringatrailer.com;*.bringatrailer.com;carsandbids.com;*.carsandbids.com;copart.com;*.copart.com;manheim.com;*.manheim.com;adesa.com;*.adesa.com;iaai.com;*.iaai.com
Community_and_society,calaborfed.org;*.calaborfed.org;chorley.gov.uk;*.chorley.gov.uk;climatestrategies.org;*.climatestrategies.org;electricforestfestival.com;*.electricforestfestival.com;eoq.org;*.eoq.org;meetup.com;*.meetup.com;nextdoor.com;*.nextdoor.com;eventbrite.com;*.eventbrite.com;change.org;*.change.org;gofundme.com;*.gofundme.com;volunteermatch.org;*.volunteermatch.org;idealist.org;*.idealist.org;charitynavigator.org;*.charitynavigator.org;guidestar.org;*.guidestar.org;givingcompass.org;*.givingcompass.org;nonprofithub.org;*.nonprofithub.org;councilofnonprofits.org;*.councilofnonprofits.org;nptrust.org;*.nptrust.org;philanthropyforum.org;*.philanthropyforum.org;philanthropyroundtable.org;*.philanthropyroundtable.org;foundationcenter.org;*.foundationcenter.org;candid.org;*.candid.org;grantspace.org;*.grantspace.org;grantsalert.org;*.grantsalert.org;grants.gov;*.grants.gov;communitybuilders.org;*.communitybuilders.org;communitychange.org;*.communitychange.org;communitycatalyst.org;*.communitycatalyst.org;communitycommons.org;*.communitycommons.org;communityprogress.org;*.communityprogress.org;communitywealth.org;*.communitywealth.org;pps.org;*.pps.org;smartgrowth.org;*.smartgrowth.org;sustainablecities.org;*.sustainablecities.org;nlc.org;*.nlc.org;usmayors.org;*.usmayors.org;icma.org;*.icma.org;planning.org;*.planning.org;urbanland.org;*.urbanland.org;citiesalliance.org;*.citiesalliance.org;c40.org;*.c40.org;iclei.org;*.iclei.org;100resilientcities.org;*.100resilientcities.org;citylab.com;*.citylab.com;governing.com;*.governing.com;stateline.org;*.stateline.org;pewtrusts.org;*.pewtrusts.org;urban.org;*.urban.org;brookings.edu;*.brookings.edu;aspeninstitute.org;*.aspeninstitute.org;rand.org;*.rand.org;worldbank.org;*.worldbank.org;un.org;*.un.org;who.int;*.who.int;unicef.org;*.unicef.org;undp.org;*.undp.org;unfpa.org;*.unfpa.org;wfp.org;*.wfp.org;unhcr.org;*.unhcr.org;unep.org;*.unep.org;unesco.org;*.unesco.org;ilo.org;*.ilo.org;amnesty.org;*.amnesty.org;hrw.org;*.hrw.org;oxfam.org;*.oxfam.org;care.org;*.care.org;savethechildren.org;*.savethechildren.org;mercycorps.org;*.mercycorps.org;rescue.org;*.rescue.org;redcross.org;*.redcross.org;doctorswithoutborders.org;*.doctorswithoutborders.org;worldvision.org;*.worldvision.org;habitat.org;*.habitat.org;nature.org;*.nature.org;wwf.org;*.wwf.org;greenpeace.org;*.greenpeace.org;sierraclub.org;*.sierraclub.org;nrdc.org;*.nrdc.org;edf.org;*.edf.org;conservation.org;*.conservation.org;audubon.org;*.audubon.org;defenders.org;*.defenders.org;wilderness.org;*.wilderness.org;nwf.org;*.nwf.org;wri.org;*.wri.org;worldwatch.org;*.worldwatch.org;earthjustice.org;*.earthjustice.org;350.org;*.350.org;climatecentral.org;*.climatecentral.org;climatereality.org;*.climatereality.org;ucsusa.org;*.ucsusa.org;epa.gov;*.epa.gov;energy.gov;*.energy.gov;nasa.gov;*.nasa.gov;noaa.gov;*.noaa.gov;usgs.gov;*.usgs.gov;fema.gov;*.fema.gov;ready.gov;*.ready.gov;redcross.org;*.redcross.org;salvationarmy.org;*.salvationarmy.org;catholiccharities.org;*.catholiccharities.org;ymca.org;*.ymca.org;ywca.org;*.ywca.org;goodwill.org;*.goodwill.org;unitedway.org;*.unitedway.org;feedingamerica.org;*.feedingamerica.org;mealsonwheels.org;*.mealsonwheels.org;foodpantries.org;*.foodpantries.org;211.org;*.211.org;aarp.org;*.aarp.org;ncoa.org;*.ncoa.org;nia.nih.gov;*.nia.nih.gov;alz.org;*.alz.org;diabetes.org;*.diabetes.org;heart.org;*.heart.org;cancer.org;*.cancer.org;lung.org;*.lung.org;arthritis.org;*.arthritis.org;kidney.org;*.kidney.org;liverfoundation.org;*.liverfoundation.org;nationalmssociety.org;*.nationalmssociety.org;michaeljfox.org;*.michaeljfox.org;autismspeaks.org;*.autismspeaks.org;nami.org;*.nami.org;mentalhealthamerica.net;*.mentalhealthamerica.net;samhsa.gov;*.samhsa.gov;nimh.nih.gov;*.nimh.nih.gov;afsp.org;*.afsp.org;suicidepreventionlifeline.org;*.suicidepreventionlifeline.org;veteranscrisisline.net;*.veteranscrisisline.net;rainn.org;*.rainn.org;domesticshelters.org;*.domesticshelters.org;ncadv.org;*.ncadv.org;safehorizon.org;*.safehorizon.org;childhelp.org;*.childhelp.org;preventchildabuse.org;*.preventchildabuse.org;childrensdefense.org;*.childrensdefense.org;firstfocus.org;*.firstfocus.org;zerotothree.org;*.zerotothree.org;naeyc.org;*.naeyc.org;ed.gov;*.ed.gov;nea.org;*.nea.org;pta.org;*.pta.org;donorschoose.org;*.donorschoose.org;teachforamerica.org;*.teachforamerica.org
Cooking_and_Food,allrecipes.com;*.allrecipes.com;argylewinery.com;*.argylewinery.com;bbcgoodfood.com;*.bbcgoodfood.com;beechnut.com;*.beechnut.com;biggreenegg.eu;*.biggreenegg.eu;foodnetwork.com;*.foodnetwork.com;epicurious.com;*.epicurious.com;tasty.co;*.tasty.co;delish.com;*.delish.com;bonappetit.com;*.bonappetit.com;seriouseats.com;*.seriouseats.com;simplyrecipes.com;*.simplyrecipes.com;food52.com;*.food52.com;thekitchn.com;*.thekitchn.com;eatingwell.com;*.eatingwell.com;cookinglight.com;*.cookinglight.com;myrecipes.com;*.myrecipes.com;taste.com;*.taste.com;yummly.com;*.yummly.com;chowhound.com;*.chowhound.com;foodandwine.com;*.foodandwine.com;saveur.com;*.saveur.com;cooking.nytimes.com;*.cooking.nytimes.com;cooks.com;*.cooks.com;cookstr.com;*.cookstr.com;cookingchannel.com;*.cookingchannel.com;finecooking.com;*.finecooking.com;kingarthurbaking.com;*.kingarthurbaking.com;bettycrocker.com;*.bettycrocker.com;pillsbury.com;*.pillsbury.com;kraftrecipes.com;*.kraftrecipes.com;campbells.com;*.campbells.com;marthastewart.com;*.marthastewart.com;rachaelray.com;*.rachaelray.com;foodgawker.com;*.foodgawker.com;tastespotting.com;*.tastespotting.com;foodbeast.com;*.foodbeast.com;thepioneerwoman.com;*.thepioneerwoman.com;smittenkitchen.com;*.smittenkitchen.com;minimalistbaker.com;*.minimalistbaker.com;budgetbytes.com;*.budgetbytes.com;skinnytaste.com;*.skinnytaste.com;pinchofyum.com;*.pinchofyum.com;gimmesomeoven.com;*.gimmesomeoven.com;cookieandkate.com;*.cookieandkate.com;ohsheglows.com;*.ohsheglows.com;vegrecipes.com;*.vegrecipes.com;vegetariantimes.com;*.vegetariantimes.com;wholefoodsmarket.com;*.wholefoodsmarket.com;traderjoes.com;*.traderjoes.com;wegmans.com;*.wegmans.com;publix.com;*.publix.com;kroger.com;*.kroger.com;safeway.com;*.safeway.com;albertsons.com;*.albertsons.com;sprouts.com;*.sprouts.com;freshdirect.com;*.freshdirect.com;instacart.com;*.instacart.com;shipt.com;*.shipt.com;hellofresh.com;*.hellofresh.com;blueapron.com;*.blueapron.com;homechef.com;*.homechef.com;sunbasket.com;*.sunbasket.com;greenchef.com;*.greenchef.com;purplecarrot.com;*.purplecarrot.com;freshly.com;*.freshly.com;factor75.com;*.factor75.com;tovala.com;*.tovala.com;dailyharvest.com;*.dailyharvest.com;splendid.com;*.splendid.com;territoryfoods.com;*.territoryfoods.com;sakara.com;*.sakara.com;nutrisystem.com;*.nutrisystem.com;southbeachdiet.com;*.southbeachdiet.com;jennycraig.com;*.jennycraig.com;weightwatchers.com;*.weightwatchers.com;noom.com;*.noom.com;eatthismuch.com;*.eatthismuch.com;myfitnesspal.com;*.myfitnesspal.com;loseit.com;*.loseit.com;cronometer.com;*.cronometer.com;fooducate.com;*.fooducate.com;nutritionix.com;*.nutritionix.com;calorieking.com;*.calorieking.com;eatright.org;*.eatright.org;nutrition.gov;*.nutrition.gov;foodsafety.gov;*.foodsafety.gov;foodallergy.org;*.foodallergy.org;celiac.org;*.celiac;healthline.com;verywellfit.com;*.verywellfit.com;cookingclassy.com;*.cookingclassy.com;damndelicious.net;*.damndelicious.net;recipetineats.com;*.recipetineats.com;cafedelites.com;*.cafedelites.com;ambitiouskitchen.com;*.ambitiouskitchen.com;wellplated.com;*.wellplated.com;loveandlemons.com;*.loveandlemons.com;foodiecrush.com;*.foodiecrush.com;halfbakedharvest.com;*.halfbakedharvest.com;chow.com;*.chow.com;eater.com;*.eater.com;thedailymeal.com;*.thedailymeal.com;seriouseats.com;*.seriouseats.com;munchies.vice.com;*.munchies.vice.com;grubstreet.com;*.grubstreet.com;eatocracy.cnn.com;*.eatocracy.cnn.com;firstwefeast.com;*.firstwefeast.com;tastingtable.com;*.tastingtable.com;foodrepublic.com;*.foodrepublic.com;spoonuniversity.com;*.spoonuniversity.com;thekitchn.com;*.thekitchn.com;cookingchanneltv.com;*.cookingchanneltv.com;foodsafetynews.com;*.foodsafetynews.com;modernfarmer.com;*.modernfarmer.com;civileats.com;*.civileats.com;newfoodeconomy.org;*.newfoodeconomy.org;foodtank.com;*.foodtank.com;fooddive.com;*.fooddive.com;foodindustry.com;*.foodindustry.com;foodmanufacturing.com;*.foodmanufacturing.com;foodprocessing.com;*.foodprocessing.com;foodsafetymagazine.com;*.foodsafetymagazine.com
Crypto,systaime.com;*.systaime.com;epiccash.com;*.epiccash.com;allohioshows.com;*.allohioshows.com;kraken.com;*.kraken.com;gatewar.com;*.gatewar.com;binance.com;*.binance.com;coinbase.com;*.coinbase.com;bitfinex.com;*.bitfinex.com;kucoin.com;*.kucoin.com;huobi.com;*.huobi.com;ftx.com;*.ftx.com;gemini.com;*.gemini.com;bitstamp.net;*.bitstamp.net;bittrex.com;*.bittrex.com;okex.com;*.okex.com;bybit.com;*.bybit.com;crypto.com;*.crypto.com;gate.io;*.gate.io;bitflyer.com;*.bitflyer.com;coincheck.com;*.coincheck.com;bithumb.com;*.bithumb.com;upbit.com;*.upbit.com;blockchain.com;*.blockchain.com;bitcoin.org;*.bitcoin.org;ethereum.org;*.ethereum.org;ripple.com;*.ripple.com;litecoin.org;*.litecoin.org;bitcoincash.org;*.bitcoincash.org;cardano.org;*.cardano.org;polkadot.network;*.polkadot.network;solana.com;*.solana.com;dogecoin.com;*.dogecoin.com;tether.to;*.tether.to;uniswap.org;*.uniswap.org;sushiswap.org;*.sushiswap.org;pancakeswap.finance;*.pancakeswap.finance;aave.com;*.aave.com;compound.finance;*.compound.finance;makerdao.com;*.makerdao.com;curve.fi;*.curve.fi;yearn.finance;*.yearn.finance;1inch.io;*.1inch.io;balancer.fi;*.balancer.fi;synthetix.io;*.synthetix.io;chainlink.network;*.chainlink.network;terra.money;*.terra.money;avalanche.network;*.avalanche.network;fantom.foundation;*.fantom.foundation;polygon.technology;*.polygon.technology;thorchain.org;*.thorchain.org;near.org;*.near.org;algorand.com;*.algorand.com;stellar.org;*.stellar.org;tezos.com;*.tezos.com;cosmos.network;*.cosmos.network;vechain.org;*.vechain.org;harmony.one;*.harmony.one;elrond.com;*.elrond.com;waves.tech;*.waves.tech;neo.org;*.neo.org;iota.org;*.iota.org;hedera.com;*.hedera.com;theta.network;*.theta.network;filecoin.io;*.filecoin.io;chia.net;*.chia.net;helium.com;*.helium.com;decentraland.org;*.decentraland.org;sandbox.game;*.sandbox.game;axieinfinity.com;*.axieinfinity.com;opensea.io;*.opensea.io;rarible.com;*.rarible.com;niftygateway.com;*.niftygateway.com;superrare.com;*.superrare.com;foundation.app;*.foundation.app;mintable.app;*.mintable.app;cryptopunks.app;*.cryptopunks.app;bored.ape;*.bored.ape;metamask.io;*.metamask.io;trustwallet.com;*.trustwallet.com;phantom.app;*.phantom.app;exodus.com;*.exodus.com;ledger.com;*.ledger.com;trezor.io;*.trezor.io;keepkey.com;*.keepkey.com;myetherwallet.com;*.myetherwallet.com;walletconnect.org;*.walletconnect.org;coinmarketcap.com;*.coinmarketcap.com;coingecko.com;*.coingecko.com;tradingview.com;*.tradingview.com;glassnode.com;*.glassnode.com;messari.io;*.messari.io;defipulse.com;*.defipulse.com;debank.com;*.debank.com;dappradar.com;*.dappradar.com;etherscan.io;*.etherscan.io;bscscan.com;*.bscscan.com;polygonscan.com;*.polygonscan.com;ftmscan.com;*.ftmscan.com;snowtrace.io;*.snowtrace.io;explorer.near.org;*.explorer.near.org;solscan.io;*.solscan.io;chainlist.org;*.chainlist.org;defilama.com;*.defilama.com;cryptoslam.io;*.cryptoslam.io;nonfungible.com;*.nonfungible.com;cryptovoxels.com;*.cryptovoxels.com;somniumspace.com;*.somniumspace.com;cryptokitties.co;*.cryptokitties.co;mobox.io;*.mobox.io;splinterlands.com;*.splinterlands.com;gods.unchained;*.gods.unchained;playtoearn.net;*.playtoearn.net;bitinfocharts.com;*.bitinfocharts.com;cryptorank.io;*.cryptorank.io;lunarcrush.com;*.lunarcrush.com;santiment.net;*.santiment.net;cryptoquant.com;*.cryptoquant.com;intotheblock.com;*.intotheblock.com;nansen.ai;*.nansen.ai;dune.xyz;*.dune.xyz;tokenterminal.com;*.tokenterminal.com;cryptoart.io;*.cryptoart.io;async.art;*.async.art;knownorigin.io;*.knownorigin.io;makersplace.com;*.makersplace.com;cryptoslate.com;*.cryptoslate.com;cointelegraph.com;*.cointelegraph.com;coindesk.com;*.coindesk.com;bitcoinmagazine.com;*.bitcoinmagazine.com;decrypt.co;*.decrypt.co;theblock.co;*.theblock.co;cryptobriefing.com;*.cryptobriefing.com;cryptonews.com;*.cryptonews.com;bitcoinist.com;*.bitcoinist.com;newsbtc.com;*.newsbtc.com;beincrypto.com;*.beincrypto.com
Dating,mail-order-bride.net;*.mail-order-bride.net;mailorderbride123.com;*.mailorderbride123.com;sugar-daddies.us;*.sugar-daddies.us;happn.com;*.happn.com;seeking.com;*.seeking.com;match.com;*.match.com;okcupid.com;*.okcupid.com;tinder.com;*.tinder.com;bumble.com;*.bumble.com;pof.com;*.pof.com;eharmony.com;*.eharmony.com;zoosk.com;*.zoosk.com;christianmingle.com;*.christianmingle.com;jdate.com;*.jdate.com;elitesingles.com;*.elitesingles.com;badoo.com;*.badoo.com;coffeemeetsbagel.com;*.coffeemeetsbagel.com;hinge.co;*.hinge.co;tagged.com;*.tagged.com;meetme.com;*.meetme.com;ourtime.com;*.ourtime.com;silversingles.com;*.silversingles.com;blackpeoplemeet.com;*.blackpeoplemeet.com;catholicmatch.com;*.catholicmatch.com;jswipe.com;*.jswipe.com;farmersonly.com;*.farmersonly.com;christiancafe.com;*.christiancafe.com;christianconnection.com;*.christianconnection.com;seniormatch.com;*.seniormatch.com;seniorpeoplemeet.com;*.seniorpeoplemeet.com;millionairematch.com;*.millionairematch.com;sugardaddie.com;*.sugardaddie.com;seekingarrangement.com;*.seekingarrangement.com;whatsyourprice.com;*.whatsyourprice.com;misstravel.com;*.misstravel.com;ashleymadison.com;*.ashleymadison.com;victoriamilan.com;*.victoriamilan.com;adultfriendfinder.com;*.adultfriendfinder.com;fling.com;*.fling.com;alt.com;*.alt.com;fetlife.com;*.fetlife.com;passion.com;*.passion.com;benaughty.com;*.benaughty.com;flirt.com;*.flirt.com;casualdating.com;*.casualdating.com;datehookup.com;*.datehookup.com;speeddate.com;*.speeddate.com;mingle2.com;*.mingle2.com;christiandatingforfree.com;*.christiandatingforfree.com;catholicsingles.com;*.catholicsingles.com;muslima.com;*.muslima.com;arablounge.com;*.arablounge.com;indiandating.com;*.indiandating.com;shaadi.com;*.shaadi.com;bharatmatrimony.com;*.bharatmatrimony.com;jeevansathi.com;*.jeevansathi.com;matrimony.com;*.matrimony.com;japancupid.com;*.japancupid.com;koreancupid.com;*.koreancupid.com;vietnamcupid.com;*.vietnamcupid.com;thaicupid.com;*.thaicupid.com;filipinocupid.com;*.filipinocupid.com;indonesiancupid.com;*.indonesiancupid.com;malaysiancupid.com;*.malaysiancupid.com;singaporelovelinks.com;*.singaporelovelinks.com;hongkongcupid.com;*.hongkongcupid.com;taiwancupid.com;*.taiwancupid.com;chinalovecupid.com;*.chinalovecupid.com;russiancupid.com;*.russiancupid.com;ukrainedate.com;*.ukrainedate.com;polishhearts.com;*.polishhearts.com;brazilcupid.com;*.brazilcupid.com;mexicancupid.com;*.mexicancupid.com;colombiancupid.com;*.colombiancupid.com;dominicancupid.com;*.dominicancupid.com;caribbeancupid.com;*.caribbeancupid.com;latinamericancupid.com;*.latinamericancupid.com;australiancupid.com;*.australiancupid.com;newzealandcupid.com;*.newzealandcupid.com;southafricancupid.com;*.southafricancupid.com;kenyansingles.com;*.kenyansingles.com;nigeriansingles.com;*.nigeriansingles.com;ghanaweb.com;*.ghanaweb.com;ethiopianpersonals.com;*.ethiopianpersonals.com;muslimmatrimony.com;*.muslimmatrimony.com;nikah.com;*.nikah.com;singlemuslim.com;*.singlemuslim.com;muzmatch.com;*.muzmatch.com;salams.com;*.salams.com;qiran.com;*.qiran.com;lovehabibi.com;*.lovehabibi.com;arabmatchmaking.com;*.arabmatchmaking.com;arabiandate.com;*.arabiandate.com;lebaneseconnections.com;*.lebaneseconnections.com;egyptiansingles.com;*.egyptiansingles.com;moroccansingles.com;*.moroccansingles.com;tunisiansingles.com;*.tunisiansingles.com;algeriansingles.com;*.algeriansingles.com;iranianpersonals.com;*.iranianpersonals.com;turkishpersonals.com;*.turkishpersonals.com;pakistanilounge.com;*.pakistanilounge.com;indiansingles.com;*.indiansingles.com;nepalimatrimony.com;*.nepalimatrimony.com;srilankandating.com;*.srilankandating.com;bangladeshimatrimony.com;*.bangladeshimatrimony.com;afghansingles.com;*.afghansingles.com;maldiviansingles.com;*.maldiviansingles.com;bhutanesesingles.com;*.bhutanesesingles.com;tibetansingles.com;*.tibetansingles.com;mongoliansingles.com;*.mongoliansingles.com;kazakhsingles.com;*.kazakhsingles.com;uzbeksingles.com;*.uzbeksingles.com;kyrgyzsingles.com;*.kyrgyzsingles.com;tajiksingles.com;*.tajiksingles.com;turkmensingles.com;*.turkmensingles.com;armeniansingles.com;*.armeniansingles.com;georgiansingles.com;*.georgiansingles.com;azerbaijansingles.com;*.azerbaijansingles.com
Directories,krasnik.pl;*.krasnik.pl;nursingoutlook.org;*.nursingoutlook.org;timothy-judge.com;*.timothy-judge.com;kittencare.com;*.kittencare.com;kingsnake.com;*.kingsnake.com;yellowpages.com;*.yellowpages.com;whitepages.com;*.whitepages.com;yelp.com;*.yelp.com;foursquare.com;*.foursquare.com;tripadvisor.com;*.tripadvisor.com;angi.com;*.angi.com;bbb.org;*.bbb.org;dmoz.org;*.dmoz.org;411.com;*.411.com;superpages.com;*.superpages.com;dexknows.com;*.dexknows.com;manta.com;*.manta.com;chamberofcommerce.com;*.chamberofcommerce.com;bizjournals.com;*.bizjournals.com;thomasnet.com;*.thomasnet.com;hoovers.com;*.hoovers.com;dnb.com;*.dnb.com;kompass.com;*.kompass.com;europages.com;*.europages.com;yell.com;*.yell.com;scoot.co.uk;*.scoot.co.uk;thelistuk.com;*.thelistuk.com;192.com;*.192.com;yalwa.com;*.yalwa.com;hotfrog.com;*.hotfrog.com;brownbook.net;*.brownbook.net;cylex.com;*.cylex.com;opendi.com;*.opendi.com;infobel.com;*.infobel.com;pagesdor.be;*.pagesdor.be;pagesjaunes.fr;*.pagesjaunes.fr;gelbeseiten.de;*.gelbeseiten.de;paginegialle.it;*.paginegialle.it;paginasamarillas.es;*.paginasamarillas.es;goudengids.nl;*.goudengids.nl;guiamais.com.br;*.guiamais.com.br;paginasamarillas.com.ar;*.paginasamarillas.com.ar;paginasamarillas.com.mx;*.paginasamarillas.com.mx;paginasamarillas.com.co;*.paginasamarillas.com.co;paginasamarillas.com.pe;*.paginasamarillas.com.pe;paginasamarillas.com.ve;*.paginasamarillas.com.ve;paginasamarillas.com.ec;*.paginasamarillas.com.ec;paginasamarillas.com.cl;*.paginasamarillas.com.cl;paginasamarillas.com.uy;*.paginasamarillas.com.uy;paginasamarillas.com.py;*.paginasamarillas.com.py;paginasamarillas.com.bo;*.paginasamarillas.com.bo;yellowpages.ca;*.yellowpages.ca;yellowpages.com.au;*.yellowpages.com.au;yellowpages.co.nz;*.yellowpages.co.nz;yellowpages.co.za;*.yellowpages.co.za;yellowpages.co.in;*.yellowpages.co.in;yellowpages.com.sg;*.yellowpages.com.sg;yellowpages.com.hk;*.yellowpages.com.hk;yellowpages.com.ph;*.yellowpages.com.ph;yellowpages.co.th;*.yellowpages.co.th;yellowpages.com.my;*.yellowpages.com.my;yellowpages.co.id;*.yellowpages.co.id;yellowpages.co.jp;*.yellowpages.co.jp;yellowpages.co.kr;*.yellowpages.co.kr;yellowpages.cn;*.yellowpages.cn;yellowpages.ru;*.yellowpages.ru;yellowpages.ae;*.yellowpages.ae;yellowpages.qa;*.yellowpages.qa;yellowpages.sa;*.yellowpages.sa;yellowpages.eg;*.yellowpages.eg;yellowpages.co.il;*.yellowpages.co.il;yellowpages.co.tr;*.yellowpages.co.tr;yellowpages.ir;*.yellowpages.ir;yellowpages.pk;*.yellowpages.pk;yellowpages.lk;*.yellowpages.lk;yellowpages.bd;*.yellowpages.bd;yellowpages.np;*.yellowpages.np;yellowpages.af;*.yellowpages.af;yellowpages.kz;*.yellowpages.kz;yellowpages.uz;*.yellowpages.uz;yellowpages.kg;*.yellowpages.kg;yellowpages.tj;*.yellowpages.tj;yellowpages.tm;*.yellowpages.tm;yellowpages.am;*.yellowpages.am;yellowpages.ge;*.yellowpages.ge;yellowpages.az;*.yellowpages.az;yellowpages.ua;*.yellowpages.ua;yellowpages.by;*.yellowpages.by;yellowpages.md;*.yellowpages.md;yellowpages.ro;*.yellowpages.ro;yellowpages.bg;*.yellowpages.bg;yellowpages.gr;*.yellowpages.gr;yellowpages.hu;*.yellowpages.hu;yellowpages.cz;*.yellowpages.cz;yellowpages.sk;*.yellowpages.sk;yellowpages.pl;*.yellowpages.pl;yellowpages.lt;*.yellowpages.lt;yellowpages.lv;*.yellowpages.lv;yellowpages.ee;*.yellowpages.ee;yellowpages.fi;*.yellowpages.fi;yellowpages.se;*.yellowpages.se;yellowpages.no;*.yellowpages.no;yellowpages.dk;*.yellowpages.dk;yellowpages.is;*.yellowpages.is;yellowpages.ie;*.yellowpages.ie;yellowpages.pt;*.yellowpages.pt;yellowpages.ch;*.yellowpages.ch;yellowpages.at;*.yellowpages.at;yellowpages.lu;*.yellowpages.lu;yellowpages.li;*.yellowpages.li;yellowpages.mc;*.yellowpages.mc;yellowpages.ad;*.yellowpages.ad;yellowpages.sm;*.yellowpages.sm;yellowpages.va;*.yellowpages.va;yellowpages.mt;*.yellowpages.mt;yellowpages.cy;*.yellowpages.cy;yellowpages.si;*.yellowpages.si;yellowpages.hr;*.yellowpages.hr;yellowpages.ba;*.yellowpages.ba;yellowpages.rs;*.yellowpages.rs;yellowpages.me;*.yellowpages.me;yellowpages.mk;*.yellowpages.mk;yellowpages.al;*.yellowpages.al
Education,pantone.com;*.pantone.com;astromia.com;*.astromia.com;besanthill.org;*.besanthill.org;concorde.edu;*.concorde.edu;esldesk.com;*.esldesk.com;coursera.org;*.coursera.org;edx.org;*.edx.org;udemy.com;*.udemy.com;khanacademy.org;*.khanacademy.org;duolingo.com;*.duolingo.com;rosettastone.com;*.rosettastone.com;babbel.com;*.babbel.com;memrise.com;*.memrise.com;busuu.com;*.busuu.com;lingoda.com;*.lingoda.com;italki.com;*.italki.com;verbling.com;*.verbling.com;preply.com;*.preply.com;cambly.com;*.cambly.com;chegg.com;*.chegg.com;quizlet.com;*.quizlet.com;brainly.com;*.brainly.com;studycom.com;*.studycom.com;brilliant.org;*.brilliant.org;skillshare.com;*.skillshare.com;masterclass.com;*.masterclass.com;pluralsight.com;*.pluralsight.com;udacity.com;*.udacity.com;codecademy.com;*.codecademy.com;freecodecamp.org;*.freecodecamp.org;w3schools.com;*.w3schools.com;datacamp.com;*.datacamp.com;sololearn.com;*.sololearn.com;teamtreehouse.com;*.teamtreehouse.com;lynda.com;*.lynda.com;futurelearn.com;*.futurelearn.com;alison.com;*.alison.com;canvas.net;*.canvas.net;open2study.com;*.open2study.com;iversity.org;*.iversity.org;academicearth.org;*.academicearth.org;ted.com;*.ted.com;coursehero.com;*.coursehero.com;studyblue.com;*.studyblue.com;flashcardmachine.com;*.flashcardmachine.com;anki.net;*.anki.net;membean.com;*.membean.com;vocabulary.com;*.vocabulary.com;grammarly.com;*.grammarly.com;turnitin.com;*.turnitin.com;mendeley.com;*.mendeley.com;zotero.org;*.zotero.org;citationmachine.net;*.citationmachine.net;easybib.com;*.easybib.com;bibme.org;*.bibme.org;refworks.com;*.refworks.com;endnote.com;*.endnote.com;jstor.org;*.jstor.org;proquest.com;*.proquest.com;ebsco.com;*.ebsco.com;sciencedirect.com;*.sciencedirect.com;springer.com;*.springer.com;wiley.com;*.wiley.com;tandfonline.com;*.tandfonline.com;nature.com;*.nature.com;science.org;*.science.org;researchgate.net;*.researchgate.net;academia.edu;*.academia.edu;arxiv.org;*.arxiv.org;biorxiv.org;*.biorxiv.org;medrxiv.org;*.medrxiv.org;ssrn.com;*.ssrn.com;eric.ed.gov;*.eric.ed.gov;worldcat.org;*.worldcat.org;gutenberg.org;*.gutenberg.org;archive.org;*.archive.org;loc.gov;*.loc.gov;europeana.eu;*.europeana.eu;bl.uk;*.bl.uk;gallica.bnf.fr;*.gallica.bnf.fr;dnb.de;*.dnb.de;kb.nl;*.kb.nl;nla.gov.au;*.nla.gov.au;ndl.go.jp;*.ndl.go.jp;nlc.cn;*.nlc.cn;harvard.edu;*.harvard.edu;mit.edu;*.mit.edu;stanford.edu;*.stanford.edu;berkeley.edu;*.berkeley.edu;oxford.edu;*.oxford.edu;cambridge.edu;*.cambridge.edu;yale.edu;*.yale.edu;princeton.edu;*.princeton.edu;columbia.edu;*.columbia.edu;uchicago.edu;*.uchicago.edu;caltech.edu;*.caltech.edu;ucla.edu;*.ucla.edu;umich.edu;*.umich.edu;uiuc.edu;*.uiuc.edu;wisc.edu;*.wisc.edu;utexas.edu;*.utexas.edu;psu.edu;*.psu.edu;purdue.edu;*.purdue.edu;gatech.edu;*.gatech.edu;cornell.edu;*.cornell.edu;nyu.edu;*.nyu.edu;northwestern.edu;*.northwestern.edu;duke.edu;*.duke.edu;upenn.edu;*.upenn.edu;cmu.edu;*.cmu.edu;rice.edu;*.rice.edu;brown.edu;*.brown.edu;dartmouth.edu;*.dartmouth.edu;vanderbilt.edu;*.vanderbilt.edu;jhu.edu;*.jhu.edu;washington.edu;*.washington.edu;usc.edu;*.usc.edu;ucsd.edu;*.ucsd.edu;ucdavis.edu;*.ucdavis.edu;uci.edu;*.uci.edu;ucr.edu;*.ucr.edu;ucsb.edu;*.ucsb.edu;ucsc.edu;*.ucsc.edu;ucsf.edu;*.ucsf.edu;umass.edu;*.umass.edu;umd.edu;*.umd.edu;umn.edu;*.umn.edu;rutgers.edu;*.rutgers.edu;illinois.edu;*.illinois.edu;indiana.edu;*.indiana.edu;osu.edu;*.osu.edu;msu.edu;*.msu.edu;ufl.edu;*.ufl.edu;unc.edu;*.unc.edu;virginia.edu;*.virginia.edu;vt.edu;*.vt.edu;arizona.edu;*.arizona.edu;asu.edu;*.asu.edu;colorado.edu;*.colorado.edu;utah.edu;*.utah.edu;washington.edu;*.washington.edu;oregonstate.edu;*.oregonstate.edu
File_hosting,4shared.com;*.4shared.com;dropbox.com;*.dropbox.com;box.com;*.box.com;mediafire.com;*.mediafire.com;mega.nz;*.mega.nz;wetransfer.com;*.wetransfer.com;sendspace.com;*.sendspace.com;zippyshare.com;*.zippyshare.com;uploaded.net;*.uploaded.net;rapidgator.net;*.rapidgator.net;filehosting.org;*.filehosting.org;depositfiles.com;*.depositfiles.com;turbobit.net;*.turbobit.net;uptobox.com;*.uptobox.com;filefactory.com;*.filefactory.com;uploading.com;*.uploading.com;uploadhaven.com;*.uploadhaven.com;fileupload.com;*.fileupload.com;filedropper.com;*.filedropper.com;files.fm;*.files.fm;share-online.biz;*.share-online.biz;datafilehost.com;*.datafilehost.com;uploadfiles.io;*.uploadfiles.io;filepost.com;*.filepost.com;ge.tt;*.ge.tt;solidfiles.com;*.solidfiles.com;upload.ee;*.upload.ee;yourfilelink.com;*.yourfilelink.com;file.io;*.file.io;uploadboy.com;*.uploadboy.com;fileserve.com;*.fileserve.com;filescdn.com;*.filescdn.com;fastshare.cz;*.fastshare.cz;hitfile.net;*.hitfile.net;tusfiles.net;*.tusfiles.net;uploadrocket.net;*.uploadrocket.net;filejoker.net;*.filejoker.net;katfile.com;*.katfile.com;upload.ac;*.upload.ac;mexashare.com;*.mexashare.com;rapidrar.com;*.rapidrar.com;ddownload.com;*.ddownload.com;uploadgig.com;*.uploadgig.com;nitroflare.com;*.nitroflare.com;alfafile.net;*.alfafile.net;keep2share.cc;*.keep2share.cc;clicknupload.org;*.clicknupload.org;uploadc.com;*.uploadc.com;uploadrar.com;*.uploadrar.com;douploads.net;*.douploads.net;uploadev.org;*.uploadev.org;fireget.com;*.fireget.com;filerio.in;*.filerio.in;uploadbank.com;*.uploadbank.com;indishare.org;*.indishare.org;uploadbox.io;*.uploadbox.io;uppit.com;*.uppit.com;uploadfile.cc;*.uploadfile.cc;upload.cd;*.upload.cd;fileuploader.io;*.fileuploader.io;uploadify.net;*.uploadify.net;filesupload.org;*.filesupload.org;filestore.to;*.filestore.to;uploadcloud.pro;*.uploadcloud.pro;filezip.cc;*.filezip.cc;uploadev.com;*.uploadev.com;uploadking.net;*.uploadking.net;uploadrar.net;*.uploadrar.net;uploadbaz.net;*.uploadbaz.net;uploadbaz.me;*.uploadbaz.me;uploadfile.eu;*.uploadfile.eu;uploadfiles.eu;*.uploadfiles.eu;uploadcloud.eu;*.uploadcloud.eu;uploadev.eu;*.uploadev.eu;uploadking.eu;*.uploadking.eu;uploadrar.eu;*.uploadrar.eu;uploadbaz.eu;*.uploadbaz.eu;uploadfile.info;*.uploadfile.info;uploadfiles.info;*.uploadfiles.info;uploadcloud.info;*.uploadcloud.info;uploadev.info;*.uploadev.info;uploadking.info;*.uploadking.info;uploadrar.info;*.uploadrar.info;uploadbaz.info;*.uploadbaz.info;uploadfile.org;*.uploadfile.org;uploadfiles.org;*.uploadfiles.org;uploadcloud.org;*.uploadcloud.org;uploadev.org;*.uploadev.org;uploadking.org;*.uploadking.org;uploadrar.org;*.uploadrar.org;uploadbaz.org;*.uploadbaz.org;uploadfile.co;*.uploadfile.co;uploadfiles.co;*.uploadfiles.co;uploadcloud.co;*.uploadcloud.co;uploadev.co;*.uploadev.co;uploadking.co;*.uploadking.co;uploadrar.co;*.uploadrar.co;uploadbaz.co;*.uploadbaz.co;uploadfile.net;*.uploadfile.net;uploadfiles.net;*.uploadfiles.net;uploadcloud.net;*.uploadcloud.net;uploadev.net;*.uploadev.net;uploadking.net;*.uploadking.net;uploadrar.net;*.uploadrar.net;uploadbaz.net;*.uploadbaz.net;uploadfile.me;*.uploadfile.me;uploadfiles.me;*.uploadfiles.me;uploadcloud.me;*.uploadcloud.me;uploadev.me;*.uploadev.me;uploadking.me;*.uploadking.me;uploadrar.me;*.uploadrar.me;uploadbaz.me;*.uploadbaz.me;uploadfile.io;*.uploadfile.io;uploadfiles.io;*.uploadfiles.io;uploadcloud.io;*.uploadcloud.io;uploadev.io;*.uploadev.io;uploadking.io;*.uploadking.io;uploadrar.io;*.uploadrar.io;uploadbaz.io;*.uploadbaz.io;uploadfile.cc;*.uploadfile.cc;uploadfiles.cc;*.uploadfiles.cc;uploadcloud.cc;*.uploadcloud.cc;uploadev.cc;*.uploadev.cc;uploadking.cc;*.uploadking.cc;uploadrar.cc;*.uploadrar.cc;uploadbaz.cc;*.uploadbaz.cc;pcloud.com;*.pcloud.com;sync.com;*.sync.com;icedrive.net;*.icedrive.net;tresorit.com;*.tresorit.com;idrive.com;*.idrive.com;backblaze.com;*.backblaze.com;crashplan.com;*.crashplan.com;carbonite.com;*.carbonite.com;sugarsync.com;*.sugarsync.com;opendrive.com;*.opendrive.com;jottacloud.com;*.jottacloud.com;sync.com;*.sync.com;box.net;*.box.net;adrive.com;*.adrive.com;mydrive.ch;*.mydrive.ch;hubic.com;*.hubic.com;mediamax.com;*.mediamax.com;mypdv.com;*.mypdv.com;dropsend.com;*.dropsend.com;sendthisfile.com;*.sendthisfile.com;transferbigfiles.com;*.transferbigfiles.com;masv.io;*.masv.io;filemail.com;*.filemail.com;sendinc.com;*.sendinc.com;sendgb.com;*.sendgb.com;transferxl.com;*.transferxl.com;myairbridge.com;*.myairbridge.com;fromsmash.com;*.fromsmash.com;fileconvoy.com;*.fileconvoy.com;sendspace.pl;*.sendspace.pl;uploadfiles.eu;*.uploadfiles.eu;filetransfer.io;*.filetransfer.io;wormhole.app;*.wormhole.app;gofile.io;*.gofile.io;send-anywhere.com;*.send-anywhere.com;filebin.net;*.filebin.net;workupload.com;*.workupload.com;anonfiles.com;*.anonfiles.com;bayfiles.com;*.bayfiles.com;openload.cc;*.openload.cc;uptostream.com;*.uptostream.com;1fichier.com;*.1fichier.com;upstore.net;*.upstore.net;filespace.com;*.filespace.com;filecloud.io;*.filecloud.io;fshare.vn;*.fshare.vn;uploadgram.me;*.uploadgram.me;userscloud.com;*.userscloud.com;sendfile.su;*.sendfile.su;fileupload.pw;*.fileupload.pw;uploadfiles.pw;*.uploadfiles.pw;fileboom.me;*.fileboom.me;filestore.me;*.filestore.me;uploadboy.me;*.uploadboy.me;faststore.org;*.faststore.org;rapidu.net;*.rapidu.net;filestore.to;*.filestore.to;uploadev.to;*.uploadev.to;uploadking.to;*.uploadking.to;uploadrar.to;*.uploadrar.to;uploadbaz.to;*.uploadbaz.to;uploadfile.pl;*.uploadfile.pl;uploadfiles.pl;*.uploadfiles.pl;uploadcloud.pl;*.uploadcloud.pl;uploadev.pl;*.uploadev.pl;uploadking.pl;*.uploadking.pl;uploadrar.pl;*.uploadrar.pl;uploadbaz.pl;*.uploadbaz.pl;uploadfile.cz;*.uploadfile.cz;uploadfiles.cz;*.uploadfiles.cz;uploadcloud.cz;*.uploadcloud.cz;uploadev.cz;*.uploadev.cz;uploadking.cz;*.uploadking.cz;uploadrar.cz;*.uploadrar.cz;uploadbaz.cz;*.uploadbaz.cz;uploadfile.sk;*.uploadfile.sk;uploadfiles.sk;*.uploadfiles.sk;uploadcloud.sk;*.uploadcloud.sk;uploadev.sk;*.uploadev.sk;uploadking.sk;*.uploadking.sk;uploadrar.sk;*.uploadrar.sk;uploadbaz.sk;*.uploadbaz.sk;uploadfile.hu;*.uploadfile.hu;uploadfiles.hu;*.uploadfiles.hu;uploadcloud.hu;*.uploadcloud.hu;uploadev.hu;*.uploadev.hu;uploadking.hu;*.uploadking.hu;uploadrar.hu;*.uploadrar.hu;uploadbaz.hu;*.uploadbaz.hu;uploadfile.ro;*.uploadfile.ro;uploadfiles.ro;*.uploadfiles.ro;uploadcloud.ro;*.uploadcloud.ro;uploadev.ro;*.uploadev.ro;uploadking.ro;*.uploadking.ro;uploadrar.ro;*.uploadrar.ro;uploadbaz.ro;*.uploadbaz.ro
Finance,"tradingview.com;*.tradingview.com;fool.com;*.fool.com;bitcoin.com;*.bitcoin.com;bitcoinprbuzz.com;*.bitcoinprbuzz.com;etoro.com;*.etoro.com;bloomberg.com;*.bloomberg.com;reuters.com;*.reuters.com;wsj.com;*.wsj.com;ft.com;*.ft.com;cnbc.com;*.cnbc.com;marketwatch.com;*.marketwatch.com;investing.com;*.investing.com;seekingalpha.com;*.seekingalpha.com;finance.yahoo.com;*.finance.yahoo.com;barrons.com;*.barrons.com;forbes.com;*.forbes.com;businessinsider.com;*.businessinsider.com;economist.com;*.economist.com;morningstar.com;*.morningstar.com;schwab.com;*.schwab.com;fidelity.com;*.fidelity.com;vanguard.com;*.vanguard.com;tdameritrade.com;*.tdameritrade.com;merrilledge.com;*.merrilledge.com;etrade.com;*.etrade.com;robinhood.com;*.robinhood.com;webull.com;*.webull.com;interactive.com;*.interactive.com;tastyworks.com;*.tastyworks.com;sofi.com;*.sofi.com;ally.com;*.ally.com;chase.com;*.chase.com;bankofamerica.com;*.bankofamerica.com;wellsfargo.com;*.wellsfargo.com;citibank.com;*.citibank.com;capitalone.com;*.capitalone.com;discover.com;*.discover.com;usbank.com;*.usbank.com;pnc.com;*.pnc.com;tdbank.com;*.tdbank.com;paypal.com;*.paypal.com;stripe.com;*.stripe.com;square.com;*.square.com;adyen.com;*.adyen.com;wise.com;*.wise.com;revolut.com;*.revolut.com;n26.com;*.n26.com;monzo.com;*.monzo.com;chime.com;*.chime.com;current.com;*.current.com;aspiration.com;*.aspiration.com;creditkarma.com;*.creditkarma.com;mint.com;*.mint.com;personalcapital.com;*.personalcapital.com;ynab.com;*.ynab.com;quickbooks.com;*.quickbooks.com;xero.com;*.xero.com;freshbooks.com;*.freshbooks.com;wave.com;*.wave.com;sage.com;*.sage.com;experian.com;*.experian.com;transunion.com;*.transunion.com;equifax.com;*.equifax.com;annualcreditreport.com;*.annualcreditreport.com;nerdwallet.com;*.nerdwallet.com;bankrate.com;*.bankrate.com;investopedia.com;*.investopedia.com;finviz.com;*.finviz.com;barchart.com;*.barchart.com;stockcharts.com;*.stockcharts.com;thinkorswim.com;*.thinkorswim.com;optionsprofitcalculator.com;*.optionsprofitcalculator.com;cmegroup.com;*.cmegroup.com;nasdaq.com;*.nasdaq.com;nyse.com;*.nyse.com;lse.com;*.lse.com;euronext.com;*.euronext.com;hkex.com;*.hkex.com;sgx.com;*.sgx.com;jpx.co.jp;*.jpx.co.jp;asx.com.au;*.asx.com.au;tsx.com;*.tsx.com;nse.com;*.nse.com;bse.com;*.bse.com;moex.com;*.moex.com;krx.co.kr;*.krx.co.kr;twse.com.tw;*.twse.com.tw;idx.co.id;*.idx.co.id;set.or.th;*.set.or.th;pse.com.ph;*.pse.com.ph;bursamalaysia.com;*.bursamalaysia.com;vietstock.vn;*.vietstock.vn;dsebd.org;*.dsebd.org;cse.lk;*.cse.lk;nepalstock.com;*.nepalstock.com;psx.com.pk;*.psx.com.pk;tase.co.il;*.tase.co.il;tadawul.com.sa;*.tadawul.com.sa;adx.ae;*.adx.ae;dfm.ae;*.dfm.ae;qe.com.qa;*.qe.com.qa;bvb.ro;*.bvb.ro;gpw.pl;*.gpw.pl;athexgroup.gr;*.athexgroup.gr;bist.gov.tr;*.bist.gov.tr;jse.co.za;*.jse.co.za;nsx.com.na;*.nsx.com.na;brvm.org;*.brvm.org;gse.com.gh;*.gse.com.gh;nse.co.ke;*.nse.co.ke;use.or.ug;*.use.or.ug;dse.co.tz;*.dse.co.tz;luse.co.zm;*.luse.co.zm;zse.co.zw;*.zse.co.zw;b3.com.br;*.b3.com.br;bcba.sba.com.ar;*.bcba.sba.com.ar;bvl.com.pe;*.bvl.com.pe;bolsadesantiago.com;*.bolsadesantiago.com;bvc.com.co;*.bvc.com.co;bolsadevalores.com.sv;*.bolsadevalores.com.sv;bvq.com.ec;*.bvq.com.ec;bvpa.com.pa;*.bvpa.com.pa;bvrd.com.do;*.bvrd.com.do;bvb.com.ve;*.bvb.com.ve;moneycontrol.com;*.moneycontrol.com;valueresearchonline.com;*.valueresearchonline.com;screener.in;*.screener.in;tickertape.in;*.tickertape.in;stockedge.com;*.stockedge.com;nseindia.com;*.nseindia.com;bseindia.com;*.bseindia.com;money.cnn.com;*.money.cnn.com;foxbusiness.com;*.foxbusiness.com;thestreet.com;*.thestreet.com;benzinga.com;*.benzinga.com;zacks.com;*.zacks.com
tradingview.com;*.tradingview.com;fool.com;*.fool.com;bitcoin.com;*.bitcoin.com;bitcoinprbuzz.com;*.bitcoinprbuzz.com;etoro.com;*.etoro.com;bloomberg.com;*.bloomberg.com;reuters.com;*.reuters.com;wsj.com;*.wsj.com;ft.com;*.ft.com;cnbc.com;*.cnbc.com;marketwatch.com;*.marketwatch.com;investing.com;*.investing.com;seekingalpha.com;*.seekingalpha.com;finance.yahoo.com;*.finance.yahoo.com;barrons.com;*.barrons.com;forbes.com;*.forbes.com;businessinsider.com;*.businessinsider.com;economist.com;*.economist.com;morningstar.com;*.morningstar.com;schwab.com;*.schwab.com;fidelity.com;*.fidelity.com;vanguard.com;*.vanguard.com;tdameritrade.com;*.tdameritrade.com;merrilledge.com;*.merrilledge.com;etrade.com;*.etrade.com;robinhood.com;*.robinhood.com;webull.com;*.webull.com;interactive.com;*.interactive.com;tastyworks.com;*.tastyworks.com;sofi.com;*.sofi.com;ally.com;*.ally.com;chase.com;*.chase.com;bankofamerica.com;*.bankofamerica.com;wellsfargo.com;*.wellsfargo.com;citibank.com;*.citibank.com;capitalone.com;*.capitalone.com;discover.com;*.discover.com;usbank.com;*.usbank.com;pnc.com;*.pnc.com;tdbank.com;*.tdbank.com;paypal.com;*.paypal.com;stripe.com;*.stripe.com;square.com;*.square.com;adyen.com;*.adyen.com;wise.com;*.wise.com;revolut.com;*.revolut.com;n26.com;*.n26.com;monzo.com;*.monzo.com;chime.com;*.chime.com;current.com;*.current.com;aspiration.com;*.aspiration.com;creditkarma.com;*.creditkarma.com;mint.com;*.mint.com;personalcapital.com;*.personalcapital.com;ynab.com;*.ynab.com;quickbooks.com;*.quickbooks.com;xero.com;*.xero.com;freshbooks.com;*.freshbooks.com;wave.com;*.wave.com;sage.com;*.sage.com;experian.com;*.experian.com;transunion.com;*.transunion.com;equifax.com;*.equifax.com;annualcreditreport.com;*.annualcreditreport.com;nerdwallet.com;*.nerdwallet.com;bankrate.com;*.bankrate.com;investopedia.com;*.investopedia.com;finviz.com;*.finviz.com;barchart.com;*.barchart.com;stockcharts.com;*.stockcharts.com;thinkorswim.com;*.thinkorswim.com;optionsprofitcalculator.com;*.optionsprofitcalculator.com;cmegroup.com;*.cmegroup.com;nasdaq.com;*.nasdaq.com;nyse.com;*.nyse.com;lse.com;*.lse.com;euronext.com;*.euronext.com;hkex.com;*.hkex.com;sgx.com;*.sgx.com;jpx.co.jp;*.jpx.co.jp;asx.com.au;*.asx.com.au;tsx.com;*.tsx.com;nse.com;*.nse.com;bse.com;*.bse.com;moex.com;*.moex.com;krx.co.kr;*.krx.co.kr;twse.com.tw;*.twse.com.tw;idx.co.id;*.idx.co.id;set.or.th;*.set.or.th;pse.com.ph;*.pse.com.ph;bursamalaysia.com;*.bursamalaysia.com;vietstock.vn;*.vietstock.vn;dsebd.org;*.dsebd.org;cse.lk;*.cse.lk;nepalstock.com;*.nepalstock.com;psx.com.pk;*.psx.com.pk;tase.co.il;*.tase.co.il;tadawul.com.sa;*.tadawul.com.sa;adx.ae;*.adx.ae;dfm.ae;*.dfm.ae;qe.com.qa;*.qe.com.qa;bvb.ro;*.bvb.ro;gpw.pl;*.gpw.pl;athexgroup.gr;*.athexgroup.gr;bist.gov.tr;*.bist.gov.tr;jse.co.za;*.jse.co.za;nsx.com.na;*.nsx.com.na;brvm.org;*.brvm.org;gse.com.gh;*.gse.com.gh;nse.co.ke;*.nse.co.ke;use.or.ug;*.use.or.ug;dse.co.tz;*.dse.co.tz;luse.co.zm;*.luse.co.zm;zse.co.zw;*.zse.co.zw;b3.com.br;*.b3.com.br;bcba.sba.com.ar;*.bcba.sba.com.ar;bvl.com.pe;*.bvl.com.pe;bolsadesantiago.com;*.bolsadesantiago.com;bvc.com.co;*.bvc.com.co;bolsadevalores.com.sv;*.bolsadevalores.com.sv;bvq.com.ec;*.bvq.com.ec;bvpa.com.pa;*.bvpa.com.pa;bvrd.com.do;*.bvrd.com.do;bvb.com.ve;*.bvb.com.ve;moneycontrol.com;*.moneycontrol.com;valueresearchonline.com;*.valueresearchonline.com;screener.in;*.screener.in;tickertape.in;*.tickertape.in;stockedge.com;*.stockedge.com;nseindia.com;*.nseindia.com;bseindia.com;*.bseindia.com;zerodha.com;*.zerodha.com;groww.in;*.groww.in;angelone.in;*.angelone.in;upstox.com;*.upstox.com;5paisa.com;*.5paisa.com;icicidirect.com;*.icicidirect.com;kotaksecurities.com;*.kotaksecurities.com;hdfcsec.com;*.hdfcsec.com;motilaloswal.com;*.motilaloswal.com;sharekhan.com;*.sharekhan.com;paytmmoney.com;*.paytmmoney.com;smallcase.com;*.smallcase.com;dhan.co;*.dhan.co;fyers.in;*.fyers.in;tijori.in;*.tijori.in;trendlyne.com;*.trendlyne.com;chartink.com;*.chartink.com;sensibull.com;*.sensibull.com;optionchain.in;*.optionchain.in;indmoney.com;*.indmoney.com;fisdom.com;*.fisdom.com;fundsindia.com;*.fundsindia.com;samco.in;*.samco.in;trustline.in;*.trustline.in;profitmart.in;*.profitmart.in;aliceblueonline.com;*.aliceblueonline.com;sasonline.in;*.sasonline.in;rksv.in;*.rksv.in;dhani.com;*.dhani.com;choice.in;*.choice.in;geojitfinancial.com;*.geojitfinancial.com;edelweiss.in;*.edelweiss.in;asthafintrade.com;*.asthafintrade.com;axisdirect.in;*.axisdirect.in;religare.com;*.religare.com;smctradeonline.com;*.smctradeonline.com;myespresso.com;*.myespresso.com;destimoney.com;*.destimoney.com;rathionline.com;*.rathionline.com;tradebulls.in;*.tradebulls.in;wealthtrust.in;*.wealthtrust.in;arihantcapital.com;*.arihantcapital.com;bonanza.com;*.bonanza.com;indianivesh.in;*.indianivesh.in;karvy.com;*.karvy.com;ventura.in;*.ventura.in"
Food,choosemyplate.gov;*.choosemyplate.gov;ubereats.com;*.ubereats.com;cactusclubcafe.com;*.cactusclubcafe.com;cafeuppercrust.ca;*.cafeuppercrust.ca;caliburger.com;*.caliburger.com;doordash.com;*.doordash.com;grubhub.com;*.grubhub.com;postmates.com;*.postmates.com;seamless.com;*.seamless.com;deliveroo.com;*.deliveroo.com;justeat.com;*.justeat.com;foodpanda.com;*.foodpanda.com;swiggy.com;*.swiggy.com;zomato.com;*.zomato.com;talabat.com;*.talabat.com;wolt.com;*.wolt.com;rappi.com;*.rappi.com;ifood.com;*.ifood.com;meituan.com;*.meituan.com;ele.me;*.ele.me;allrecipes.com;*.allrecipes.com;foodnetwork.com;*.foodnetwork.com;epicurious.com;*.epicurious.com;tasty.co;*.tasty.co;delish.com;*.delish.com;bonappetit.com;*.bonappetit.com;seriouseats.com;*.seriouseats.com;simplyrecipes.com;*.simplyrecipes.com;food52.com;*.food52.com;thekitchn.com;*.thekitchn.com;eatingwell.com;*.eatingwell.com;cookinglight.com;*.cookinglight.com;myrecipes.com;*.myrecipes.com;taste.com;*.taste.com;yummly.com;*.yummly.com;chowhound.com;*.chowhound.com;foodandwine.com;*.foodandwine.com;saveur.com;*.saveur.com;cooks.com;*.cooks.com;cookstr.com;*.cookstr.com;cookingchannel.com;*.cookingchannel.com;finecooking.com;*.finecooking.com;kingarthurbaking.com;*.kingarthurbaking.com;bettycrocker.com;*.bettycrocker.com;pillsbury.com;*.pillsbury.com;kraftrecipes.com;*.kraftrecipes.com;campbells.com;*.campbells.com;marthastewart.com;*.marthastewart.com;rachaelray.com;*.rachaelray.com;foodgawker.com;*.foodgawker.com;tastespotting.com;*.tastespotting.com;foodbeast.com;*.foodbeast.com;thepioneerwoman.com;*.thepioneerwoman.com;smittenkitchen.com;*.smittenkitchen.com;minimalistbaker.com;*.minimalistbaker.com;budgetbytes.com;*.budgetbytes.com;skinnytaste.com;*.skinnytaste.com;pinchofyum.com;*.pinchofyum.com;gimmesomeoven.com;*.gimmesomeoven.com;cookieandkate.com;*.cookieandkate.com;ohsheglows.com;*.ohsheglows.com;vegrecipes.com;*.vegrecipes.com;vegetariantimes.com;*.vegetariantimes.com;wholefoodsmarket.com;*.wholefoodsmarket.com;traderjoes.com;*.traderjoes.com;wegmans.com;*.wegmans.com;publix.com;*.publix.com;kroger.com;*.kroger.com;safeway.com;*.safeway.com;albertsons.com;*.albertsons.com;sprouts.com;*.sprouts.com;freshdirect.com;*.freshdirect.com;instacart.com;*.instacart.com;shipt.com;*.shipt.com;hellofresh.com;*.hellofresh.com;blueapron.com;*.blueapron.com;homechef.com;*.homechef.com;sunbasket.com;*.sunbasket.com;greenchef.com;*.greenchef.com;purplecarrot.com;*.purplecarrot.com;freshly.com;*.freshly.com;factor75.com;*.factor75.com;tovala.com;*.tovala.com;dailyharvest.com;*.dailyharvest.com;splendid.com;*.splendid.com;territoryfoods.com;*.territoryfoods.com;sakara.com;*.sakara.com;nutrisystem.com;*.nutrisystem.com;southbeachdiet.com;*.southbeachdiet.com;jennycraig.com;*.jennycraig.com;weightwatchers.com;*.weightwatchers.com;noom.com;*.noom.com;eatthismuch.com;*.eatthismuch.com;myfitnesspal.com;*.myfitnesspal.com;loseit.com;*.loseit.com;cronometer.com;*.cronometer.com;fooducate.com;*.fooducate.com;nutritionix.com;*.nutritionix.com;calorieking.com;*.calorieking.com;eatright.org;*.eatright.org;nutrition.gov;*.nutrition.gov;foodsafety.gov;*.foodsafety.gov;foodallergy.org;*.foodallergy.org;celiac.org;*.celiac.org;eatforum.org;*.eatforum.org;slowfood.com;*.slowfood.com;jamieoliver.com;*.jamieoliver.com;gordonramsay.com;*.gordonramsay.com;wolfgangpuck.com;*.wolfgangpuck.com;emerils.com;*.emerils.com;guyfieri.com;*.guyfieri.com;bobbyflay.com;*.bobbyflay.com;altonbrown.com;*.altonbrown.com;inagarten.com;*.inagarten.com;nigella.com;*.nigella.com;ottolenghi.co.uk;*.ottolenghi.co.uk;davidlebovitz.com;*.davidlebovitz.com;chefsteps.com;*.chefsteps.com;modernistcuisine.com;*.modernistcuisine.com;seriouseats.com;*.seriouseats.com;eater.com;*.eater.com;thedailymeal.com;*.thedailymeal.com;munchies.vice.com;*.munchies.vice.com;tastingtable.com;*.tastingtable.com;foodrepublic.com;*.foodrepublic.com;spoonuniversity.com;*.spoonuniversity.com;thrillist.com;*.thrillist.com;zagat.com;*.zagat.com;opentable.com;*.opentable.com;resy.com;*.resy.com;yelp.com;*.yelp.com;tripadvisor.com;*.tripadvisor.com;michelin.com;*.michelin.com;theworlds50best.com;*.theworlds50best.com;jamesbeard.org;*.jamesbeard.org;starchefs.com;*.starchefs.com;culinaryinstitute.edu;*.culinaryinstitute.edu;escoffier.edu;*.escoffier.edu;lecordonbleu.edu;*.lecordonbleu.edu
Forum,bmde-labs.com;*.bmde-labs.com;reddit.com;*.reddit.com;srnsk.com;*.srnsk.com;thecoli.com;*.thecoli.com;webcazine.com;*.webcazine.com;quora.com;*.quora.com;stackexchange.com;*.stackexchange.com;stackoverflow.com;*.stackoverflow.com;4chan.org;*.4chan.org;9gag.com;*.9gag.com;discourse.org;*.discourse.org;phpbb.com;*.phpbb.com;vbulletin.com;*.vbulletin.com;xenforo.com;*.xenforo.com;invisioncommunity.com;*.invisioncommunity.com;flarum.org;*.flarum.org;mybb.com;*.mybb.com;vanilla.org;*.vanilla.org;nodebb.org;*.nodebb.org;simplemachines.org;*.simplemachines.org;bbpress.org;*.bbpress.org;punbb.org;*.punbb.org;woltlab.com;*.woltlab.com;discuz.net;*.discuz.net;getsatisfaction.com;*.getsatisfaction.com;answers.com;*.answers.com;askfm.com;*.askfm.com;gamespot.com;*.gamespot.com;ign.com;*.ign.com;neogaf.com;*.neogaf.com;resetera.com;*.resetera.com;gamefaqs.com;*.gamefaqs.com;giantbomb.com;*.giantbomb.com;n4g.com;*.n4g.com;bluesnews.com;*.bluesnews.com;rpgcodex.net;*.rpgcodex.net;mmorpg.com;*.mmorpg.com;tenforums.com;*.tenforums.com;bleepingcomputer.com;*.bleepingcomputer.com;tomshardware.com;*.tomshardware.com;overclock.net;*.overclock.net;techpowerup.com;*.techpowerup.com;anandtech.com;*.anandtech.com;guru3d.com;*.guru3d.com;hardocp.com;*.hardocp.com;techspot.com;*.techspot.com;xda-developers.com;*.xda-developers.com;androidcentral.com;*.androidcentral.com;macrumors.com;*.macrumors.com;imore.com;*.imore.com;windowscentral.com;*.windowscentral.com;neowin.net;*.neowin.net;slashdot.org;*.slashdot.org;arstechnica.com;*.arstechnica.com;theverge.com;*.theverge.com;engadget.com;*.engadget.com;gizmodo.com;*.gizmodo.com;techcrunch.com;*.techcrunch.com;cnet.com;*.cnet.com;zdnet.com;*.zdnet.com;wired.com;*.wired.com;digitaltrends.com;*.digitaltrends.com;makeuseof.com;*.makeuseof.com;lifehacker.com;*.lifehacker.com;howtogeek.com;*.howtogeek.com;ghacks.net;*.ghacks.net;betanews.com;*.betanews.com;softpedia.com;*.softpedia.com;majorgeeks.com;*.majorgeeks.com;filehippo.com;*.filehippo.com;download.com;*.download.com;sourceforge.net;*.sourceforge.net;github.com;*.github.com;gitlab.com;*.gitlab.com;bitbucket.org;*.bitbucket.org;stackoverflow.com;*.stackoverflow.com;superuser.com;*.superuser.com;serverfault.com;*.serverfault.com;askubuntu.com;*.askubuntu.com;mathoverflow.net;*.mathoverflow.net;physics.stackexchange.com;*.physics.stackexchange.com;electronics.stackexchange.com;*.electronics.stackexchange.com;codereview.stackexchange.com;*.codereview.stackexchange.com;programmers.stackexchange.com;*.programmers.stackexchange.com;security.stackexchange.com;*.security.stackexchange.com;webmasters.stackexchange.com;*.webmasters.stackexchange.com;gamedev.stackexchange.com;*.gamedev.stackexchange.com;wordpress.stackexchange.com;*.wordpress.stackexchange.com;unix.stackexchange.com;*.unix.stackexchange.com;apple.stackexchange.com;*.apple.stackexchange.com;android.stackexchange.com;*.android.stackexchange.com;dba.stackexchange.com;*.dba.stackexchange.com;drupal.stackexchange.com;*.drupal.stackexchange.com;salesforce.stackexchange.com;*.salesforce.stackexchange.com;magento.stackexchange.com;*.magento.stackexchange.com;sharepoint.stackexchange.com;*.sharepoint.stackexchange.com;sqa.stackexchange.com;*.sqa.stackexchange.com;networkengineering.stackexchange.com;*.networkengineering.stackexchange.com;reverseengineering.stackexchange.com;*.reverseengineering.stackexchange.com;crypto.stackexchange.com;*.crypto.stackexchange.com;bitcoin.stackexchange.com;*.bitcoin.stackexchange.com;ethereum.stackexchange.com;*.ethereum.stackexchange.com;monero.stackexchange.com;*.monero.stackexchange.com;tor.stackexchange.com;*.tor.stackexchange.com;retrocomputing.stackexchange.com;*.retrocomputing.stackexchange.com;hardwarerecs.stackexchange.com;*.hardwarerecs.stackexchange.com;softwarerecs.stackexchange.com;*.softwarerecs.stackexchange.com;codegolf.stackexchange.com;*.codegolf.stackexchange.com;puzzling.stackexchange.com;*.puzzling.stackexchange.com;worldbuilding.stackexchange.com;*.worldbuilding.stackexchange.com;writing.stackexchange.com;*.writing.stackexchange.com;music.stackexchange.com;*.music.stackexchange.com;photo.stackexchange.com;*.photo.stackexchange.com;video.stackexchange.com;*.video.stackexchange.com;graphicdesign.stackexchange.com;*.graphicdesign.stackexchange.com;ux.stackexchange.com;*.ux.stackexchange.com;sound.stackexchange.com;*.sound.stackexchange.com;diy.stackexchange.com;*.diy.stackexchange.com;gardening.stackexchange.com;*.gardening.stackexchange.com;cooking.stackexchange.com;*.cooking.stackexchange.com;money.stackexchange.com;*.money.stackexchange.com;fitness.stackexchange.com;*.fitness.stackexchange.com;parenting.stackexchange.com;*.parenting.stackexchange.com;travel.stackexchange.com;*.travel.stackexchange.com;expatriates.stackexchange.com;*.expatriates.stackexchange.com;sustainability.stackexchange.com;*.sustainability.stackexchange.com;bicycles.stackexchange.com;*.bicycles.stackexchange.com;aviation.stackexchange.com;*.aviation.stackexchange.com;space.stackexchange.com;*.space.stackexchange.com
Government,adcogov.org;*.adcogov.org;bls.gov;*.bls.gov;flic.kr;*.flic.kr;illinois.gov;*.illinois.gov;jinjiang.gov.cn;*.jinjiang.gov.cn;usa.gov;*.usa.gov;whitehouse.gov;*.whitehouse.gov;state.gov;*.state.gov;dhs.gov;*.dhs.gov;irs.gov;*.irs.gov;fbi.gov;*.fbi.gov;cia.gov;*.cia.gov;nasa.gov;*.nasa.gov;defense.gov;*.defense.gov;treasury.gov;*.treasury.gov;ed.gov;*.ed.gov;dot.gov;*.dot.gov;energy.gov;*.energy.gov;hhs.gov;*.hhs.gov;usda.gov;*.usda.gov;epa.gov;*.epa.gov;ssa.gov;*.ssa.gov;medicare.gov;*.medicare.gov;va.gov;*.va.gov;census.gov;*.census.gov;noaa.gov;*.noaa.gov;usgs.gov;*.usgs.gov;fema.gov;*.fema.gov;ftc.gov;*.ftc.gov;sec.gov;*.sec.gov;fcc.gov;*.fcc.gov;loc.gov;*.loc.gov;nps.gov;*.nps.gov;archives.gov;*.archives.gov;weather.gov;*.weather.gov;congress.gov;*.congress.gov;senate.gov;*.senate.gov;house.gov;*.house.gov;supremecourt.gov;*.supremecourt.gov;california.gov;*.california.gov;ny.gov;*.ny.gov;texas.gov;*.texas.gov;florida.gov;*.florida.gov;mass.gov;*.mass.gov;pa.gov;*.pa.gov;wa.gov;*.wa.gov;nj.gov;*.nj.gov;michigan.gov;*.michigan.gov;ohio.gov;*.ohio.gov;gov.uk;*.gov.uk;parliament.uk;*.parliament.uk;nhs.uk;*.nhs.uk;canada.ca;*.canada.ca;gc.ca;*.gc.ca;australia.gov.au;*.australia.gov.au;india.gov.in;*.india.gov.in;nic.in;*.nic.in;gov.cn;*.gov.cn;gov.jp;*.gov.jp;bundesregierung.de;*.bundesregierung.de;gouvernement.fr;*.gouvernement.fr;governo.it;*.governo.it;gobierno.es;*.gobierno.es;government.nl;*.government.nl;regeringen.se;*.regeringen.se;regjeringen.no;*.regjeringen.no;valtioneuvosto.fi;*.valtioneuvosto.fi;government.ru;*.government.ru;gov.br;*.gov.br;gob.mx;*.gob.mx;gov.za;*.gov.za;gov.sg;*.gov.sg;gov.ae;*.gov.ae;mofa.go.jp;*.mofa.go.jp;meti.go.jp;*.meti.go.jp;mhlw.go.jp;*.mhlw.go.jp;mext.go.jp;*.mext.go.jp;mod.go.jp;*.mod.go.jp;maff.go.jp;*.maff.go.jp;mof.go.jp;*.mof.go.jp;mlit.go.jp;*.mlit.go.jp;env.go.jp;*.env.go.jp;npa.go.jp;*.npa.go.jp;cao.go.jp;*.cao.go.jp;jica.go.jp;*.jica.go.jp;jetro.go.jp;*.jetro.go.jp;jnto.go.jp;*.jnto.go.jp;mofa.gov.cn;*.mofa.gov.cn;moe.gov.cn;*.moe.gov.cn;most.gov.cn;*.most.gov.cn;mof.gov.cn;*.mof.gov.cn;moh.gov.cn;*.moh.gov.cn;mps.gov.cn;*.mps.gov.cn;customs.gov.cn;*.customs.gov.cn;chinatax.gov.cn;*.chinatax.gov.cn;safe.gov.cn;*.safe.gov.cn;stats.gov.cn;*.stats.gov.cn;csrc.gov.cn;*.csrc.gov.cn;cbrc.gov.cn;*.cbrc.gov.cn;circ.gov.cn;*.circ.gov.cn;pbc.gov.cn;*.pbc.gov.cn;ndrc.gov.cn;*.ndrc.gov.cn;mee.gov.cn;*.mee.gov.cn;mca.gov.cn;*.mca.gov.cn;mwr.gov.cn;*.mwr.gov.cn;mlr.gov.cn;*.mlr.gov.cn;forestry.gov.cn;*.forestry.gov.cn;mot.gov.cn;*.mot.gov.cn;miit.gov.cn;*.miit.gov.cn;mct.gov.cn;*.mct.gov.cn;sport.gov.cn;*.sport.gov.cn;chinasafety.gov.cn;*.chinasafety.gov.cn;sipo.gov.cn;*.sipo.gov.cn;nrta.gov.cn;*.nrta.gov.cn;cnsa.gov.cn;*.cnsa.gov.cn;cma.gov.cn;*.cma.gov.cn;seac.gov.cn;*.seac.gov.cn;safea.gov.cn;*.safea.gov.cn;gov.hk;*.gov.hk;gov.mo;*.gov.mo;gov.tw;*.gov.tw;gov.kr;*.gov.kr;gov.in;*.gov.in;gov.au;*.gov.au;gov.nz;*.gov.nz;gov.ph;*.gov.ph;gov.my;*.gov.my;gov.sg;*.gov.sg;gov.th;*.gov.th;gov.vn;*.gov.vn;gov.pk;*.gov.pk;gov.bd;*.gov.bd;gov.lk;*.gov.lk;gov.np;*.gov.np;gov.kh;*.gov.kh;gov.mm;*.gov.mm;gov.la;*.gov.la;gov.bn;*.gov.bn;gov.tl;*.gov.tl;gov.mn;*.gov.mn;gov.kz;*.gov.kz;gov.uz;*.gov.uz;gov.kg;*.gov.kg;gov.tj;*.gov.tj;gov.tm;*.gov.tm;gov.az;*.gov.az;gov.ge;*.gov.ge;gov.am;*.gov.am;gov.by;*.gov.by;gov.ua;*.gov.ua;gov.md;*.gov.md;gov.tr;*.gov.tr;gov.cy;*.gov.cy;gov.lb;*.gov.lb;gov.jo;*.gov.jo;gov.il;*.gov.il;gov.sa;*.gov.sa;gov.ae;*.gov.ae;gov.qa;*.gov.qa;gov.kw;*.gov.kw;gov.bh;*.gov.bh;gov.om;*.gov.om;gov.ye;*.gov.ye;gov.eg;*.gov.eg;gov.ly;*.gov.ly;gov.tn;*.gov.tn;gov.dz;*.gov.dz;gov.ma;*.gov.ma;gov.mr;*.gov.mr;gov.ml;*.gov.ml;gov.sn;*.gov.sn;gov.gh;*.gov.gh;gov.ng;*.gov.ng;gov.cm;*.gov.cm;gov.ga;*.gov.ga;gov.cg;*.gov.cg;gov.cd;*.gov.cd;gov.ao;*.gov.ao;gov.na;*.gov.na;gov.za;*.gov.za;gov.zw;*.gov.zw;gov.mz;*.gov.mz;gov.mg;*.gov.mg;gov.mu;*.gov.mu;gov.ke;*.gov.ke;gov.tz;*.gov.tz;gov.ug;*.gov.ug;gov.rw;*.gov.rw;gov.bi;*.gov.bi;gov.et;*.gov.et;gov.so;*.gov.so;gov.dj;*.gov.dj;gov.sc;*.gov.sc;gov.km;*.gov.km
Health,mildicasdemae.com.br;*.mildicasdemae.com.br;allianceforeatingdisorders.com;*.allianceforeatingdisorders.com;active.com;*.active.com;bodyforlife.com;*.bodyforlife.com;hydroxychloroquinetab.com;*.hydroxychloroquinetab.com;webmd.com;*.webmd.com;mayoclinic.org;*.mayoclinic.org;nih.gov;*.nih.gov;who.int;*.who.int;cdc.gov;*.cdc.gov;healthline.com;*.healthline.com;medlineplus.gov;*.medlineplus.gov;medicinenet.com;*.medicinenet.com;everydayhealth.com;*.everydayhealth.com;drugs.com;*.drugs.com;rxlist.com;*.rxlist.com;medscape.com;*.medscape.com;emedicine.com;*.emedicine.com;clevelandclinic.org;*.clevelandclinic.org;hopkinsmedicine.org;*.hopkinsmedicine.org;health.harvard.edu;*.health.harvard.edu;stanfordhealthcare.org;*.stanfordhealthcare.org;ucsfhealth.org;*.ucsfhealth.org;cedars-sinai.org;*.cedars-sinai.org;mountsinai.org;*.mountsinai.org;pennmedicine.org;*.pennmedicine.org;nyulangone.org;*.nyulangone.org;dukehealth.org;*.dukehealth.org;kp.org;*.kp.org;uhc.com;*.uhc.com;cigna.com;*.cigna.com;aetna.com;*.aetna.com;anthem.com;*.anthem.com;humana.com;*.humana.com;bcbs.com;*.bcbs.com;medicare.gov;*.medicare.gov;medicaid.gov;*.medicaid.gov;healthcare.gov;*.healthcare.gov;myfitnesspal.com;*.myfitnesspal.com;fitbit.com;*.fitbit.com;strava.com;*.strava.com;mapmyrun.com;*.mapmyrun.com;loseit.com;*.loseit.com;noom.com;*.noom.com;weightwatchers.com;*.weightwatchers.com;sparkpeople.com;*.sparkpeople.com;bodybuilding.com;*.bodybuilding.com;menshealth.com;*.menshealth.com;womenshealth.gov;*.womenshealth.gov;shape.com;*.shape.com;self.com;*.self.com;prevention.com;*.prevention.com;health.com;*.health.com;mindbodygreen.com;*.mindbodygreen.com;wellandgood.com;*.wellandgood.com;greatist.com;*.greatist.com;livestrong.com;*.livestrong.com;verywellhealth.com;*.verywellhealth.com;healthgrades.com;*.healthgrades.com;ratemds.com;*.ratemds.com;vitals.com;*.vitals.com;zocdoc.com;*.zocdoc.com;doximity.com;*.doximity.com;practo.com;*.practo.com;1mg.com;*.1mg.com;netmeds.com;*.netmeds.com;pharmeasy.in;*.pharmeasy.in;cvs.com;*.cvs.com;walgreens.com;*.walgreens.com;riteaid.com;*.riteaid.com;goodrx.com;*.goodrx.com;singlecare.com;*.singlecare.com;wellrx.com;*.wellrx.com;blink.health;*.blink.health;americandiabetes.org;*.americandiabetes.org;diabetes.org;*.diabetes.org;heart.org;*.heart.org;cancer.org;*.cancer.org;cancer.gov;*.cancer.gov;lungcancer.org;*.lungcancer.org;breastcancer.org;*.breastcancer.org;alz.org;*.alz.org;parkinsons.org;*.parkinsons.org;epilepsy.com;*.epilepsy.com;arthritis.org;*.arthritis.org;lupus.org;*.lupus.org;celiac.org;*.celiac.org;crohnsandcolitis.com;*.crohnsandcolitis.com;psoriasis.org;*.psoriasis.org;aafa.org;*.aafa.org;asthma.com;*.asthma.com;lung.org;*.lung.org;kidney.org;*.kidney.org;liverfoundation.org;*.liverfoundation.org;thyroid.org;*.thyroid.org;endocrine.org;*.endocrine.org;diabetes.co.uk;*.diabetes.co.uk;nhs.uk;*.nhs.uk;bupa.co.uk;*.bupa.co.uk;patient.info;*.patient.info;netdoctor.co.uk;*.netdoctor.co.uk;healthdirect.gov.au;*.healthdirect.gov.au;betterhealth.vic.gov.au;*.betterhealth.vic.gov.au;healthline.co.nz;*.healthline.co.nz;mohfw.gov.in;*.mohfw.gov.in;nhp.gov.in;*.nhp.gov.in;aiims.edu;*.aiims.edu;apollo.com;*.apollo.com;fortis.com;*.fortis.com;maxhealthcare.in;*.maxhealthcare.in;medanta.org;*.medanta.org;manipalhospitals.com;*.manipalhospitals.com;narayanahealth.org;*.narayanahealth.org;kokilabenhospital.com;*.kokilabenhospital.com;hindujahospital.com;*.hindujahospital.com;lilavatihospital.com;*.lilavatihospital.com;jaslok.com;*.jaslok.com;bombayhospital.com;*.bombayhospital.com;breachcandyhospital.org;*.breachcandyhospital.org;pgimer.edu.in;*.pgimer.edu.in;jipmer.edu.in;*.jipmer.edu.in;cmch-vellore.edu;*.cmch-vellore.edu;sgpgi.ac.in;*.sgpgi.ac.in;nimhans.ac.in;*.nimhans.ac.in;kmch.ac.in;*.kmch.ac.in;neigrihms.gov.in;*.neigrihms.gov.in;rmlh.nic.in;*.rmlh.nic.in;vmmc-sjh.nic.in;*.vmmc-sjh.nic.in;lnjp.org;*.lnjp.org;gtbh.nic.in;*.gtbh.nic.in;esic.nic.in;*.esic.nic.in;cghs.gov.in;*.cghs.gov.in;nhm.gov.in;*.nhm.gov.in;ayush.gov.in;*.ayush.gov.in;icmr.gov.in;*.icmr.gov.in;naco.gov.in;*.naco.gov.in;nvbdcp.gov.in;*.nvbdcp.gov.in;tbcindia.gov.in;*.tbcindia.gov.in;nlep.gov.in;*.nlep.gov.in;searo.who.int;*.searo.who.int;ncdc.gov.in;*.ncdc.gov.in;idsp.nic.in;*.idsp.nic.in;nib.gov.in;*.nib.gov.in;niv.co.in;*.niv.co.in;nirt.res.in;*.nirt.res.in;nims.edu.in;*.nims.edu.in;aiia.gov.in;*.aiia.gov.in;ccras.nic.in;*.ccras.nic.in;ccimindia.org;*.ccimindia.org;nhsrcindia.org;*.nhsrcindia.org
Home,angieslist.com;*.angieslist.com;chsi.com.cn;*.chsi.com.cn;countryliving.com;*.countryliving.com;homeadvisor.com;*.homeadvisor.com;itsliquid.com;*.itsliquid.com;houzz.com;*.houzz.com;zillow.com;*.zillow.com;realtor.com;*.realtor.com;trulia.com;*.trulia.com;redfin.com;*.redfin.com;apartments.com;*.apartments.com;wayfair.com;*.wayfair.com;ikea.com;*.ikea.com;potterybarn.com;*.potterybarn.com;crateandbarrel.com;*.crateandbarrel.com;westelm.com;*.westelm.com;cb2.com;*.cb2.com;roomandboard.com;*.roomandboard.com;anthropologie.com;*.anthropologie.com;pier1.com;*.pier1.com;worldmarket.com;*.worldmarket.com;bedbathandbeyond.com;*.bedbathandbeyond.com;target.com;*.target.com;walmart.com;*.walmart.com;amazon.com;*.amazon.com;overstock.com;*.overstock.com;etsy.com;*.etsy.com;homegoods.com;*.homegoods.com;kirklands.com;*.kirklands.com;athome.com;*.athome.com;livingspaces.com;*.livingspaces.com;ashleyfurniture.com;*.ashleyfurniture.com;bobvila.com;*.bobvila.com;thisoldhouse.com;*.thisoldhouse.com;diynetwork.com;*.diynetwork.com;familyhandyman.com;*.familyhandyman.com;bhg.com;*.bhg.com;hgtv.com;*.hgtv.com;architecturaldigest.com;*.architecturaldigest.com;elledecor.com;*.elledecor.com;veranda.com;*.veranda.com;dwell.com;*.dwell.com;apartmenttherapy.com;*.apartmenttherapy.com;designsponge.com;*.designsponge.com;remodelista.com;*.remodelista.com;dezeen.com;*.dezeen.com;contemporist.com;*.contemporist.com;freshome.com;*.freshome.com;designmilk.com;*.designmilk.com;inhabitat.com;*.inhabitat.com;curbed.com;*.curbed.com;domain.com.au;*.domain.com.au;homify.com;*.homify.com;homedit.com;*.homedit.com;homedesigning.com;*.homedesigning.com;homebnc.com;*.homebnc.com;homestratosphere.com;*.homestratosphere.com;homebuilding.co.uk;*.homebuilding.co.uk;homeideasmag.com;*.homeideasmag.com;homeandgarden.com;*.homeandgarden.com;homestyle.co.uk;*.homestyle.co.uk;homebeautiful.com.au;*.homebeautiful.com.au;homestolove.com.au;*.homestolove.com.au;homelife.com.au;*.homelife.com.au;homesandgardens.com;*.homesandgardens.com;homeandantiques.com;*.homeandantiques.com;homeanddesign.com;*.homeanddesign.com;homeanddecorating.com;*.homeanddecorating.com;homeanddecor.com.sg;*.homeanddecor.com.sg;homeandproperty.com;*.homeandproperty.com;homeandinteriors.com;*.homeandinteriors.com;homeandstyle.com;*.homeandstyle.com;homeandgarden.co.uk;*.homeandgarden.co.uk;homeanddesign.co.uk;*.homeanddesign.co.uk;homeandinteriors.co.uk;*.homeandinteriors.co.uk;homeandstyle.co.uk;*.homeandstyle.co.uk;homeandgarden.ie;*.homeandgarden.ie;homeanddesign.ie;*.homeanddesign.ie;homeandinteriors.ie;*.homeandinteriors.ie;homeandstyle.ie;*.homeandstyle.ie;homeandgarden.ca;*.homeandgarden.ca;homeanddesign.ca;*.homeanddesign.ca;homeandinteriors.ca;*.homeandinteriors.ca;homeandstyle.ca;*.homeandstyle.ca;homeandgarden.com.au;*.homeandgarden.com.au;homeanddesign.com.au;*.homeanddesign.com.au;homeandinteriors.com.au;*.homeandinteriors.com.au;homeandstyle.com.au;*.homeandstyle.com.au;homeandgarden.co.nz;*.homeandgarden.co.nz;homeanddesign.co.nz;*.homeanddesign.co.nz;homeandinteriors.co.nz;*.homeandinteriors.co.nz;homeandstyle.co.nz;*.homeandstyle.co.nz;homeandgarden.co.za;*.homeandgarden.co.za;homeanddesign.co.za;*.homeanddesign.co.za;homeandinteriors.co.za;*.homeandinteriors.co.za;homeandstyle.co.za;*.homeandstyle.co.za;homeandgarden.in;*.homeandgarden.in;homeanddesign.in;*.homeanddesign.in;homeandinteriors.in;*.homeandinteriors.in;homeandstyle.in;*.homeandstyle.in;homeandgarden.ae;*.homeandgarden.ae;homeanddesign.ae;*.homeanddesign.ae;homeandinteriors.ae;*.homeandinteriors.ae;homeandstyle.ae;*.homeandstyle.ae;homeandgarden.sa;*.homeandgarden.sa;homeanddesign.sa;*.homeanddesign.sa;homeandinteriors.sa;*.homeandinteriors.sa;homeandstyle.sa;*.homeandstyle.sa;homeandgarden.qa;*.homeandgarden.qa;homeanddesign.qa;*.homeanddesign.qa;homeandinteriors.qa;*.homeandinteriors.qa;homeandstyle.qa;*.homeandstyle.qa;homeandgarden.kw;*.homeandgarden.kw;homeanddesign.kw;*.homeanddesign.kw;homeandinteriors.kw;*.homeandinteriors.kw;homeandstyle.kw;*.homeandstyle.kw;homeandgarden.bh;*.homeandgarden.bh;homeanddesign.bh;*.homeanddesign.bh;homeandinteriors.bh;*.homeandinteriors.bh;homeandstyle.bh;*.homeandstyle.bh;homeandgarden.om;*.homeandgarden.om;homeanddesign.om;*.homeanddesign.om;homeandinteriors.om;*.homeandinteriors.om;homeandstyle.om;*.homeandstyle.om
Images,pinimg.com;*.pinimg.com;fedoraproject.org;*.fedoraproject.org;nasdaq.com;*.nasdaq.com;avatarist.com;*.avatarist.com;logoinstant.com;*.logoinstant.com;shutterstock.com;*.shutterstock.com;istockphoto.com;*.istockphoto.com;gettyimages.com;*.gettyimages.com;adobe.com;*.adobe.com;flickr.com;*.flickr.com;500px.com;*.500px.com;unsplash.com;*.unsplash.com;pexels.com;*.pexels.com;pixabay.com;*.pixabay.com;freepik.com;*.freepik.com;depositphotos.com;*.depositphotos.com;dreamstime.com;*.dreamstime.com;123rf.com;*.123rf.com;alamy.com;*.alamy.com;canva.com;*.canva.com;smugmug.com;*.smugmug.com;zenfolio.com;*.zenfolio.com;photobucket.com;*.photobucket.com;imgur.com;*.imgur.com;deviantart.com;*.deviantart.com;behance.net;*.behance.net;artstation.com;*.artstation.com;cgtrader.com;*.cgtrader.com;turbosquid.com;*.turbosquid.com;sketchfab.com;*.sketchfab.com;giphy.com;*.giphy.com;tenor.com;*.tenor.com;imgflip.com;*.imgflip.com;knowyourmeme.com;*.knowyourmeme.com;memebase.com;*.memebase.com;9gag.com;*.9gag.com;memegenerator.net;*.memegenerator.net;quickmeme.com;*.quickmeme.com;makeameme.org;*.makeameme.org;imgflip.com;*.imgflip.com;memecenter.com;*.memecenter.com;memedroid.com;*.memedroid.com;memes.com;*.memes.com;ifunny.co;*.ifunny.co;funnyjunk.com;*.funnyjunk.com;cheezburger.com;*.cheezburger.com;memecreator.org;*.memecreator.org;imgbb.com;*.imgbb.com;postimages.org;*.postimages.org;imagehosting.com;*.imagehosting.com;imageshack.com;*.imageshack.com;tinypic.com;*.tinypic.com;photobucket.com;*.photobucket.com;imgbox.com;*.imgbox.com;imagehost.com;*.imagehost.com;imagevenue.com;*.imagevenue.com;imagebam.com;*.imagebam.com;imagetwist.com;*.imagetwist.com;imagefap.com;*.imagefap.com;imagearn.com;*.imagearn.com;imagefruit.com;*.imagefruit.com;imageporter.com;*.imageporter.com;imagebam.com;*.imagebam.com;imagetwist.com;*.imagetwist.com;imagevenue.com;*.imagevenue.com;imageshack.us;*.imageshack.us;tinypic.com;*.tinypic.com;photobucket.com;*.photobucket.com;imgur.com;*.imgur.com;flickr.com;*.flickr.com;500px.com;*.500px.com;deviantart.com;*.deviantart.com;behance.net;*.behance.net;artstation.com;*.artstation.com;cgtrader.com;*.cgtrader.com;turbosquid.com;*.turbosquid.com;sketchfab.com;*.sketchfab.com;giphy.com;*.giphy.com;tenor.com;*.tenor.com;imgflip.com;*.imgflip.com;knowyourmeme.com;*.knowyourmeme.com;memebase.com;*.memebase.com;9gag.com;*.9gag.com;memegenerator.net;*.memegenerator.net;quickmeme.com;*.quickmeme.com;makeameme.org;*.makeameme.org;imgflip.com;*.imgflip.com;memecenter.com;*.memecenter.com;memedroid.com;*.memedroid.com;memes.com;*.memes.com;ifunny.co;*.ifunny.co;funnyjunk.com;*.funnyjunk.com;cheezburger.com;*.cheezburger.com;memecreator.org;*.memecreator.org;imgbb.com;*.imgbb.com;postimages.org;*.postimages.org;imagehosting.com;*.imagehosting.com;imageshack.com;*.imageshack.com;tinypic.com;*.tinypic.com;photobucket.com;*.photobucket.com;imgbox.com;*.imgbox.com;imagehost.com;*.imagehost.com;imagevenue.com;*.imagevenue.com;imagebam.com;*.imagebam.com;imagetwist.com;*.imagetwist.com;imagefap.com;*.imagefap.com;imagearn.com;*.imagearn.com;imagefruit.com;*.imagefruit.com;imageporter.com;*.imageporter.com;imagebam.com;*.imagebam.com;imagetwist.com;*.imagetwist.com;imagevenue.com;*.imagevenue.com;imageshack.us;*.imageshack.us;tinypic.com;*.tinypic.com;photobucket.com;*.photobucket.com;imgur.com;*.imgur.com;flickr.com;*.flickr.com;500px.com;*.500px.com;deviantart.com;*.deviantart.com;behance.net;*.behance.net;artstation.com;*.artstation.com;cgtrader.com;*.cgtrader.com;turbosquid.com;*.turbosquid.com;sketchfab.com;*.sketchfab.com
Jobs,jobstreet.com.ph;*.jobstreet.com.ph;crewlink.ie;*.crewlink.ie;gutenberg.org;*.gutenberg.org;mockupdigital.com;*.mockupdigital.com;peerbits.com;*.peerbits.com;indeed.com;*.indeed.com;linkedin.com;*.linkedin.com;monster.com;*.monster.com;glassdoor.com;*.glassdoor.com;careerbuilder.com;*.careerbuilder.com;dice.com;*.dice.com;ziprecruiter.com;*.ziprecruiter.com;simplyhired.com;*.simplyhired.com;snagajob.com;*.snagajob.com;workday.com;*.workday.com;lever.co;*.lever.co;greenhouse.io;*.greenhouse.io;smartrecruiters.com;*.smartrecruiters.com;jobvite.com;*.jobvite.com;icims.com;*.icims.com;taleo.net;*.taleo.net;brassring.com;*.brassring.com;successfactors.com;*.successfactors.com;peoplesoft.com;*.peoplesoft.com;bamboohr.com;*.bamboohr.com;paylocity.com;*.paylocity.com;adp.com;*.adp.com;paychex.com;*.paychex.com;ultipro.com;*.ultipro.com;kronos.com;*.kronos.com;naukri.com;*.naukri.com;timesjobs.com;*.timesjobs.com;shine.com;*.shine.com;foundit.in;*.foundit.in;iimjobs.com;*.iimjobs.com;freshersworld.com;*.freshersworld.com;seek.com.au;*.seek.com.au;careerone.com.au;*.careerone.com.au;adzuna.com.au;*.adzuna.com.au;jobsdb.com;*.jobsdb.com;jobscentral.com.sg;*.jobscentral.com.sg;jobstreet.com;*.jobstreet.com;51job.com;*.51job.com;zhaopin.com;*.zhaopin.com;liepin.com;*.liepin.com;chinahr.com;*.chinahr.com;104.com.tw;*.104.com.tw;saramin.co.kr;*.saramin.co.kr;jobkorea.co.kr;*.jobkorea.co.kr;rikunabi.com;*.rikunabi.com;daijob.com;*.daijob.com;recruit.co.jp;*.recruit.co.jp;bayt.com;*.bayt.com;gulftalent.com;*.gulftalent.com;naukrigulf.com;*.naukrigulf.com;reed.co.uk;*.reed.co.uk;totaljobs.com;*.totaljobs.com;cv-library.co.uk;*.cv-library.co.uk;jobsite.co.uk;*.jobsite.co.uk;monster.co.uk;*.monster.co.uk;stepstone.de;*.stepstone.de;monster.de;*.monster.de;xing.com;*.xing.com;indeed.de;*.indeed.de;pole-emploi.fr;*.pole-emploi.fr;monster.fr;*.monster.fr;indeed.fr;*.indeed.fr;apec.fr;*.apec.fr;infojobs.net;*.infojobs.net;monster.es;*.monster.es;indeed.es;*.indeed.es;jobrapido.com;*.jobrapido.com;monster.it;*.monster.it;indeed.it;*.indeed.it;careerjet.it;*.careerjet.it;werk.nl;*.werk.nl;monsterboard.nl;*.monsterboard.nl;indeed.nl;*.indeed.nl;finn.no;*.finn.no;nav.no;*.nav.no;indeed.no;*.indeed.no;arbetsformedlingen.se;*.arbetsformedlingen.se;monster.se;*.monster.se;indeed.se;*.indeed.se;jobindex.dk;*.jobindex.dk;ofir.dk;*.ofir.dk;indeed.dk;*.indeed.dk;te-palvelut.fi;*.te-palvelut.fi;monster.fi;*.monster.fi;indeed.fi;*.indeed.fi;jobs.ie;*.jobs.ie;irishjobs.ie;*.irishjobs.ie;indeed.ie;*.indeed.ie;jobs.pl;*.jobs.pl;pracuj.pl;*.pracuj.pl;indeed.pl;*.indeed.pl;profesia.sk;*.profesia.sk;kariera.sk;*.kariera.sk;indeed.sk;*.indeed.sk;jobs.cz;*.jobs.cz;prace.cz;*.prace.cz;indeed.cz;*.indeed.cz;profession.hu;*.profession.hu;jobline.hu;*.jobline.hu;indeed.hu;*.indeed.hu;ejobs.ro;*.ejobs.ro;bestjobs.ro;*.bestjobs.ro;indeed.ro;*.indeed.ro;jobs.bg;*.jobs.bg;jobtiger.bg;*.jobtiger.bg;indeed.bg;*.indeed.bg;kariera.gr;*.kariera.gr;skywalker.gr;*.skywalker.gr;indeed.gr;*.indeed.gr;kariyer.net;*.kariyer.net;yenibiris.com;*.yenibiris.com;indeed.com.tr;*.indeed.com.tr;seek.co.nz;*.seek.co.nz;trademe.co.nz;*.trademe.co.nz;indeed.co.nz;*.indeed.co.nz;careers24.com;*.careers24.com;pnet.co.za;*.pnet.co.za;indeed.co.za;*.indeed.co.za;bdjobs.com;*.bdjobs.com;prothom-alojobs.com;*.prothom-alojobs.com;indeed.com.bd;*.indeed.com.bd;rozee.pk;*.rozee.pk;brightspyre.com;*.brightspyre.com;indeed.com.pk;*.indeed.com.pk;vietnamworks.com;*.vietnamworks.com;careerlink.vn;*.careerlink.vn;indeed.com.vn;*.indeed.com.vn;jobsdb.co.th;*.jobsdb.co.th;jobthai.com;*.jobthai.com;indeed.co.th;*.indeed.co.th;jobstreet.co.id;*.jobstreet.co.id;karir.com;*.karir.com;indeed.co.id;*.indeed.co.id;jobstreet.com.my;*.jobstreet.com.my;jobsmalaysia.gov.my;*.jobsmalaysia.gov.my;indeed.com.my;*.indeed.com.my;jobstreet.com.sg;*.jobstreet.com.sg;mycareersfuture.gov.sg;*.mycareersfuture.gov.sg;indeed.com.sg;*.indeed.com.sg;jobsph.com;*.jobsph.com;kalibrr.com;*.kalibrr.com;indeed.com.ph;*.indeed.com.ph
Legal,cbabc.org;*.cbabc.org;georgiafamilyattorneys.org;*.georgiafamilyattorneys.org;glancylaw.com;*.glancylaw.com;interfire.org;*.interfire.org;catoninetail.com;*.catoninetail.com;findlaw.com;*.findlaw.com;law.com;*.law.com;justia.com;*.justia.com;avvo.com;*.avvo.com;lawyers.com;*.lawyers.com;martindale.com;*.martindale.com;nolo.com;*.nolo.com;legalzoom.com;*.legalzoom.com;rocketlawyer.com;*.rocketlawyer.com;lawhelp.org;*.lawhelp.org;americanbar.org;*.americanbar.org;supremecourt.gov;*.supremecourt.gov;uscourts.gov;*.uscourts.gov;justice.gov;*.justice.gov;law.cornell.edu;*.law.cornell.edu;lexisnexis.com;*.lexisnexis.com;westlaw.com;*.westlaw.com;bloomberg.law;*.bloomberg.law;casetext.com;*.casetext.com;fastcase.com;*.fastcase.com;courtlistener.com;*.courtlistener.com;docketalarm.com;*.docketalarm.com;pacer.gov;*.pacer.gov;ecf.gov;*.ecf.gov;lawpay.com;*.lawpay.com;mycase.com;*.mycase.com;clio.com;*.clio.com;practicepanther.com;*.practicepanther.com;smokeball.com;*.smokeball.com;filevine.com;*.filevine.com;abacusnext.com;*.abacusnext.com;cosmolex.com;*.cosmolex.com;zolasuite.com;*.zolasuite.com;lawmatics.com;*.lawmatics.com;lawruler.com;*.lawruler.com;needles.com;*.needles.com;centerbase.com;*.centerbase.com;lawfirm.com;*.lawfirm.com;hg.org;*.hg.org;legalmatch.com;*.legalmatch.com;lawguru.com;*.lawguru.com;freeadvice.com;*.freeadvice.com;alllaw.com;*.alllaw.com;lawinfo.com;*.lawinfo.com;legaldictionary.net;*.legaldictionary.net;law360.com;*.law360.com;abovethelaw.com;*.abovethelaw.com;lawsitesblog.com;*.lawsitesblog.com;lawyerist.com;*.lawyerist.com;legalcheek.com;*.legalcheek.com;legalweek.com;*.legalweek.com;lawgazette.co.uk;*.lawgazette.co.uk;thelawyer.com;*.thelawyer.com;legalfutures.co.uk;*.legalfutures.co.uk;rollonfriday.com;*.rollonfriday.com;lawsociety.org.uk;*.lawsociety.org.uk;barstandardsboard.org.uk;*.barstandardsboard.org.uk;sra.org.uk;*.sra.org.uk;lawscot.org.uk;*.lawscot.org.uk;lawsociety.ie;*.lawsociety.ie;lawsociety.com.au;*.lawsociety.com.au;lawcouncil.asn.au;*.lawcouncil.asn.au;lawsociety.org.nz;*.lawsociety.org.nz;cba.org;*.cba.org;lsuc.on.ca;*.lsuc.on.ca;barreau.qc.ca;*.barreau.qc.ca;lawsociety.bc.ca;*.lawsociety.bc.ca;lawsociety.ab.ca;*.lawsociety.ab.ca;lawsociety.mb.ca;*.lawsociety.mb.ca;lawsociety.sk.ca;*.lawsociety.sk.ca;lians.ca;*.lians.ca;lawsociety.nu.ca;*.lawsociety.nu.ca;lawsociety.nt.ca;*.lawsociety.nt.ca;lawsociety.yk.ca;*.lawsociety.yk.ca;barreau.qc.ca;*.barreau.qc.ca;lsuc.on.ca;*.lsuc.on.ca;lawsociety.bc.ca;*.lawsociety.bc.ca;lawsociety.ab.ca;*.lawsociety.ab.ca;lawsociety.mb.ca;*.lawsociety.mb.ca;lawsociety.sk.ca;*.lawsociety.sk.ca;lians.ca;*.lians.ca;lawsociety.nu.ca;*.lawsociety.nu.ca;lawsociety.nt.ca;*.lawsociety.nt.ca;lawsociety.yk.ca;*.lawsociety.yk.ca;americanbar.org;*.americanbar.org;nysba.org;*.nysba.org;calbar.ca.gov;*.calbar.ca.gov;texasbar.com;*.texasbar.com;floridabar.org;*.floridabar.org;illinoisbar.org;*.illinoisbar.org;michbar.org;*.michbar.org;pabar.org;*.pabar.org;njsba.com;*.njsba.com;massbar.org;*.massbar.org;gabar.org;*.gabar.org;ncbar.org;*.ncbar.org;vsb.org;*.vsb.org;ohiobar.org;*.ohiobar.org;wsba.org;*.wsba.org;cobar.org;*.cobar.org;mnbar.org;*.mnbar.org;mobar.org;*.mobar.org;azbar.org;*.azbar.org;nvbar.org;*.nvbar.org;utahbar.org;*.utahbar.org;oregonbar.org;*.oregonbar.org;isb.idaho.gov;*.isb.idaho.gov;montanabar.org;*.montanabar.org;wyomingbar.org;*.wyomingbar.org;nmbar.org;*.nmbar.org;okbar.org;*.okbar.org;arkbar.com;*.arkbar.com;lawyersnjurists.com;*.lawyersnjurists.com;indiankanoon.org;*.indiankanoon.org;legalserviceindia.com;*.legalserviceindia.com;lawctopus.com;*.lawctopus.com;barandbench.com;*.barandbench.com;livelaw.in;*.livelaw.in;lawteacher.net;*.lawteacher.net;lawjournal.com;*.lawjournal.com;lawreview.org;*.lawreview.org;lawquarterly.com;*.lawquarterly.com;lawgazette.com.sg;*.lawgazette.com.sg;lawsociety.org.sg;*.lawsociety.org.sg;malaysianbar.org.my;*.malaysianbar.org.my;lawsociety.org.hk;*.lawsociety.org.hk;hkba.org;*.hkba.org;lawsociety.org.nz;*.lawsociety.org.nz;lawsociety.org.au;*.lawsociety.org.au;lawcouncil.asn.au;*.lawcouncil.asn.au;vicbar.com.au;*.vicbar.com.au;nswbar.asn.au;*.nswbar.asn.au;qldbar.asn.au;*.qldbar.asn.au;lawsocietywa.asn.au;*.lawsocietywa.asn.au;lawsocietysa.asn.au;*.lawsocietysa.asn.au;lst.org.au;*.lst.org.au;actlawsociety.asn.au;*.actlawsociety.asn.au;lawsocietynt.asn.au;*.lawsocietynt.asn.au
Lifestyle,bonprix.ru;*.bonprix.ru;crossroadstrading.com;*.crossroadstrading.com;gi-fashion.com;*.gi-fashion.com;joseph-fashion.com;*.joseph-fashion.com;mayoral.com;*.mayoral.com;vogue.com;*.vogue.com;elle.com;*.elle.com;cosmopolitan.com;*.cosmopolitan.com;harpersbazaar.com;*.harpersbazaar.com;instyle.com;*.instyle.com;glamour.com;*.glamour.com;marieclaire.com;*.marieclaire.com;refinery29.com;*.refinery29.com;whowhatwear.com;*.whowhatwear.com;popsugar.com;*.popsugar.com;stylecaster.com;*.stylecaster.com;manrepeller.com;*.manrepeller.com;thesartorialist.com;*.thesartorialist.com;fashionista.com;*.fashionista.com;wwd.com;*.wwd.com;neimanmarcus.com;*.neimanmarcus.com;nordstrom.com;*.nordstrom.com;saksfifthavenue.com;*.saksfifthavenue.com;bloomingdales.com;*.bloomingdales.com;net-a-porter.com;*.net-a-porter.com;matchesfashion.com;*.matchesfashion.com;farfetch.com;*.farfetch.com;mytheresa.com;*.mytheresa.com;ssense.com;*.ssense.com;luisaviaroma.com;*.luisaviaroma.com;shopbop.com;*.shopbop.com;revolve.com;*.revolve.com;asos.com;*.asos.com;zara.com;*.zara.com;hm.com;*.hm.com;forever21.com;*.forever21.com;uniqlo.com;*.uniqlo.com;mango.com;*.mango.com;topshop.com;*.topshop.com;urbanoutfitters.com;*.urbanoutfitters.com;anthropologie.com;*.anthropologie.com;freepeople.com;*.freepeople.com;nastygal.com;*.nastygal.com;missguided.com;*.missguided.com;boohoo.com;*.boohoo.com;prettylittlething.com;*.prettylittlething.com;fashionnova.com;*.fashionnova.com;shein.com;*.shein.com;romwe.com;*.romwe.com;zaful.com;*.zaful.com;yesstyle.com;*.yesstyle.com;stylenanda.com;*.stylenanda.com;pomelo.com;*.pomelo.com;zalora.com;*.zalora.com;theoutnet.com;*.theoutnet.com;yoox.com;*.yoox.com;gilt.com;*.gilt.com;ruelala.com;*.ruelala.com;hautelook.com;*.hautelook.com;thredup.com;*.thredup.com;therealreal.com;*.therealreal.com;vestiairecollective.com;*.vestiairecollective.com;1stdibs.com;*.1stdibs.com;grailed.com;*.grailed.com;depop.com;*.depop.com;poshmark.com;*.poshmark.com;mercari.com;*.mercari.com;tradesy.com;*.tradesy.com;rebag.com;*.rebag.com;fashionphile.com;*.fashionphile.com;bagborroworsteal.com;*.bagborroworsteal.com;renttherunway.com;*.renttherunway.com;armoire.style;*.armoire.style;nuuly.com;*.nuuly.com;gwynniebee.com;*.gwynniebee.com;letote.com;*.letote.com;stitchfix.com;*.stitchfix.com;trunk.club;*.trunk.club;wantable.com;*.wantable.com;fabletics.com;*.fabletics.com;gymshark.com;*.gymshark.com;lululemon.com;*.lululemon.com;athleta.com;*.athleta.com;nike.com;*.nike.com;adidas.com;*.adidas.com;underarmour.com;*.underarmour.com;puma.com;*.puma.com;reebok.com;*.reebok.com;asics.com;*.asics.com;newbalance.com;*.newbalance.com;skechers.com;*.skechers.com;converse.com;*.converse.com;vans.com;*.vans.com;timberland.com;*.timberland.com;drmartens.com;*.drmartens.com;ugg.com;*.ugg.com;stevemadden.com;*.stevemadden.com;aldoshoes.com;*.aldoshoes.com;dsw.com;*.dsw.com;zappos.com;*.zappos.com;footlocker.com;*.footlocker.com;finishline.com;*.finishline.com;jdsports.com;*.jdsports.com;stockx.com;*.stockx.com;goat.com;*.goat.com;flightclub.com;*.flightclub.com;stadiumgoods.com;*.stadiumgoods.com;grailed.com;*.grailed.com;kith.com;*.kith.com;supremenewyork.com;*.supremenewyork.com;palace.com;*.palace.com;bape.com;*.bape.com;off---white.com;*.off---white.com;stussy.com;*.stussy.com;thrasher.com;*.thrasher.com;golfwang.com;*.golfwang.com;antisocialsocialclub.com;*.antisocialsocialclub.com;ripndip.com;*.ripndip.com;hufworldwide.com;*.hufworldwide.com;diamondsupplyco.com;*.diamondsupplyco.com;thehundreds.com;*.thehundreds.com;obey.com;*.obey.com;primitive.com;*.primitive.com;zumiez.com;*.zumiez.com;pacsun.com;*.pacsun.com;tillys.com;*.tillys.com;journeys.com;*.journeys.com;hottopic.com;*.hottopic.com;spencersonline.com;*.spencersonline.com;boxlunch.com;*.boxlunch.com;fye.com;*.fye.com
Local,aa.com.tr;*.aa.com.tr;adweek.com;*.adweek.com;ansa.it;*.ansa.it;bangkokpost.com;*.bangkokpost.com;barcelona.cat;*.barcelona.cat;nytimes.com;*.nytimes.com;wsj.com;*.wsj.com;washingtonpost.com;*.washingtonpost.com;usatoday.com;*.usatoday.com;latimes.com;*.latimes.com;chicagotribune.com;*.chicagotribune.com;nypost.com;*.nypost.com;bostonglobe.com;*.bostonglobe.com;sfgate.com;*.sfgate.com;dallasnews.com;*.dallasnews.com;miamiherald.com;*.miamiherald.com;seattletimes.com;*.seattletimes.com;denverpost.com;*.denverpost.com;bbc.co.uk;*.bbc.co.uk;theguardian.com;*.theguardian.com;telegraph.co.uk;*.telegraph.co.uk;independent.co.uk;*.independent.co.uk;dailymail.co.uk;*.dailymail.co.uk;mirror.co.uk;*.mirror.co.uk;standard.co.uk;*.standard.co.uk;manchestereveningnews.co.uk;*.manchestereveningnews.co.uk;liverpoolecho.co.uk;*.liverpoolecho.co.uk;birminghammail.co.uk;*.birminghammail.co.uk;theage.com.au;*.theage.com.au;smh.com.au;*.smh.com.au;news.com.au;*.news.com.au;abc.net.au;*.abc.net.au;nzherald.co.nz;*.nzherald.co.nz;stuff.co.nz;*.stuff.co.nz;timesofindia.com;*.timesofindia.com;hindustantimes.com;*.hindustantimes.com;indianexpress.com;*.indianexpress.com;ndtv.com;*.ndtv.com;scmp.com;*.scmp.com;thestar.com.my;*.thestar.com.my;straitstimes.com;*.straitstimes.com;japantimes.co.jp;*.japantimes.co.jp;asahi.com;*.asahi.com;yomiuri.co.jp;*.yomiuri.co.jp;koreatimes.co.kr;*.koreatimes.co.kr;chosun.com;*.chosun.com;chinadaily.com.cn;*.chinadaily.com.cn;globaltimes.cn;*.globaltimes.cn;thejakartapost.com;*.thejakartapost.com;inquirer.net;*.inquirer.net;bangkokpost.com;*.bangkokpost.com;thanhnien.vn;*.thanhnien.vn;vietnamnews.vn;*.vietnamnews.vn;gulfnews.com;*.gulfnews.com;arabnews.com;*.arabnews.com;khaleejtimes.com;*.khaleejtimes.com;thenational.ae;*.thenational.ae;haaretz.com;*.haaretz.com;jpost.com;*.jpost.com;timesofisrael.com;*.timesofisrael.com;ynetnews.com;*.ynetnews.com;lemonde.fr;*.lemonde.fr;lefigaro.fr;*.lefigaro.fr;liberation.fr;*.liberation.fr;spiegel.de;*.spiegel.de;faz.net;*.faz.net;welt.de;*.welt.de;corriere.it;*.corriere.it;repubblica.it;*.repubblica.it;elmundo.es;*.elmundo.es;elpais.com;*.elpais.com;abc.es;*.abc.es;nrc.nl;*.nrc.nl;volkskrant.nl;*.volkskrant.nl;dn.se;*.dn.se;aftonbladet.se;*.aftonbladet.se;vg.no;*.vg.no;aftenposten.no;*.aftenposten.no;dr.dk;*.dr.dk;politiken.dk;*.politiken.dk;hs.fi;*.hs.fi;yle.fi;*.yle.fi;rte.ie;*.rte.ie;irishtimes.com;*.irishtimes.com;independent.ie;*.independent.ie;swissinfo.ch;*.swissinfo.ch;nzz.ch;*.nzz.ch;letemps.ch;*.letemps.ch;derstandard.at;*.derstandard.at;diepresse.com;*.diepresse.com;publico.pt;*.publico.pt;dn.pt;*.dn.pt;ekathimerini.com;*.ekathimerini.com;kathimerini.gr;*.kathimerini.gr;hurriyet.com.tr;*.hurriyet.com.tr;sabah.com.tr;*.sabah.com.tr;pravda.ru;*.pravda.ru;rt.com;*.rt.com;interfax.ru;*.interfax.ru;kyivpost.com;*.kyivpost.com;unian.info;*.unian.info;delfi.lt;*.delfi.lt;postimees.ee;*.postimees.ee;diena.lv;*.diena.lv;wyborcza.pl;*.wyborcza.pl;onet.pl;*.onet.pl;idnes.cz;*.idnes.cz;sme.sk;*.sme.sk;index.hu;*.index.hu;adevarul.ro;*.adevarul.ro;dnevnik.bg;*.dnevnik.bg;vecernji.hr;*.vecernji.hr;delo.si;*.delo.si;klix.ba;*.klix.ba;b92.net;*.b92.net;koha.net;*.koha.net;balkaninsight.com;*.balkaninsight.com;globo.com;*.globo.com;folha.uol.com.br;*.folha.uol.com.br;clarin.com;*.clarin.com;lanacion.com.ar;*.lanacion.com.ar;emol.com;*.emol.com;elcomercio.pe;*.elcomercio.pe;eluniversal.com.mx;*.eluniversal.com.mx;eltiempo.com;*.eltiempo.com;nacion.com;*.nacion.com;prensa.com;*.prensa.com;listin.com.do;*.listin.com.do;elnuevodia.com;*.elnuevodia.com;jamaicaobserver.com;*.jamaicaobserver.com;tribune242.com;*.tribune242.com;thestar.com;*.thestar.com;nationalpost.com;*.nationalpost.com;theglobeandmail.com;*.theglobeandmail.com;montrealgazette.com;*.montrealgazette.com;vancouversun.com;*.vancouversun.com;calgaryherald.com;*.calgaryherald.com;ottawacitizen.com;*.ottawacitizen.com;torontosun.com;*.torontosun.com;winnipegfreepress.com;*.winnipegfreepress.com;thechronicleherald.ca;*.thechronicleherald.ca;theprovince.com;*.theprovince.com;edmontonjournal.com;*.edmontonjournal.com;ledevoir.com;*.ledevoir.com;lapresse.ca;*.lapresse.ca;journaldemontreal.com;*.journaldemontreal.com;journaldequebec.com;*.journaldequebec.com;lequotidien.com;*.lequotidien.com;ledroit.com;*.ledroit.com;latribune.ca;*.latribune.ca;lesoleil.com;*.lesoleil.com;theaustralian.com.au;*.theaustralian.com.au;dailytelegraph.com.au;*.dailytelegraph.com.au;heraldsun.com.au;*.heraldsun.com.au;couriermail.com.au;*.couriermail.com.au;adelaidenow.com.au;*.adelaidenow.com.au;perthnow.com.au;*.perthnow.com.au;themercury.com.au;*.themercury.com.au;northernterritorynews.com.au;*.northernterritorynews.com.au;canberratimes.com.au;*.canberratimes.com.au;watoday.com.au;*.watoday.com.au;brisbanetimes.com.au;*.brisbanetimes.com.au;businessday.com.au;*.businessday.com.au;afr.com;*.afr.com;thewest.com.au;*.thewest.com.au;examiner.com.au;*.examiner.com.au;centralwesterndaily.com.au;*.centralwesterndaily.com.au;bordermail.com.au;*.bordermail.com.au;thecourier.com.au;*.thecourier.com.au;standard.net.au;*.standard.net.au;dailyadvertiser.com.au;*.dailyadvertiser.com.au;dailyliberal.com.au;*.dailyliberal.com.au;illawarramercury.com.au;*.illawarramercury.com.au;newcastleherald.com.au;*.newcastleherald.com.au;northerndailyleader.com.au;*.northerndailyleader.com.au;portnews.com.au;*.portnews.com.au;queenslandcountrylife.com.au;*.queenslandcountrylife.com.au;stockandland.com.au;*.stockandland.com.au;theland.com.au;*.theland.com.au;weeklytimesnow.com.au;*.weeklytimesnow.com.au;farmonline.com.au;*.farmonline.com.au;stockjournal.com.au;*.stockjournal.com.au;farmweekly.com.au;*.farmweekly.com.au;northqueenslandregister.com.au;*.northqueenslandregister.com.au;ruralweekly.com.au;*.ruralweekly.com.au;thesatellite.com.au;*.thesatellite.com.au;dailyexaminer.com.au;*.dailyexaminer.com.au;gladstoneobserver.com.au;*.gladstoneobserver.com.au;gympietimes.com.au;*.gympietimes.com.au;frasercoastchronicle.com.au;*.frasercoastchronicle.com.au;warwickdailynews.com.au;*.warwickdailynews.com.au;dailymercury.com.au;*.dailymercury.com.au;themorningbulletin.com.au;*.themorningbulletin.com.au;townsvillebulletin.com.au;*.townsvillebulletin.com.au;cairnspost.com.au;*.cairnspost.com.au;ntnews.com.au;*.ntnews.com.au;katherinetimes.com.au;*.katherinetimes.com.au;centralianadvocate.com.au;*.centralianadvocate.com.au;coastalleader.com.au;*.coastalleader.com.au;portlincolntimes.com.au;*.portlincolntimes.com.au;victorharbortimes.com.au;*.victorharbortimes.com.au;barossa.com.au;*.barossa.com.au;coastalleader.com.au;*.coastalleader.com.au;murrayvalleystandard.com.au;*.murrayvalleystandard.com.au;northernargus.com.au;*.northernargus.com.au;portpirierecorder.com.au;*.portpirierecorder.com.au;transcontinental.com.au;*.transcontinental.com.au;whyallanewsonline.com.au;*.whyallanewsonline.com.au;esperanceexpress.com.au;*.esperanceexpress.com.au;mandurahmail.com.au;*.mandurahmail.com.au;bunburymail.com.au;*.bunburymail.com.au;busseltonmail.com.au;*.busseltonmail.com.au;donnybrookmail.com.au;*.donnybrookmail.com.au;manjimail.com.au;*.manjimail.com.au;augustamargaretrivermail.com.au;*.augustamargaretrivermail.com.au;albanyadvertiser.com.au;*.albanyadvertiser.com.au;greatsouthernherald.com.au;*.greatsouthernherald.com.au;kalminer.com.au;*.kalminer.com.au;soundtelegraph.com.au;*.soundtelegraph.com.au;theadvocate.com.au;*.theadvocate.com.au;examiner.com.au;*.examiner.com.au;theislanderonline.com.au;*.theislanderonline.com.au;nwregionalreview.com.au;*.nwregionalreview.com.au;kingislandnews.com.au;*.kingislandnews.com.au;huonvalleynews.com.au;*.huonvalleynews.com.au;easternshoresun.com.au;*.easternshoresun.com.au;glenorchygazette.com.au;*.glenorchygazette.com.au;hobartobserver.com.au;*.hobartobserver.com.au;kingsboroughchronicle.com.au;*.kingsboroughchronicle.com.au;moondaradvertiser.com.au;*.moondaradvertiser.com.au;northweststar.com.au;*.northweststar.com.au
News,reuters.com;*.reuters.com;apnews.com;*.apnews.com;bloomberg.com;*.bloomberg.com;nytimes.com;*.nytimes.com;wsj.com;*.wsj.com;washingtonpost.com;*.washingtonpost.com;usatoday.com;*.usatoday.com;latimes.com;*.latimes.com;chicagotribune.com;*.chicagotribune.com;nypost.com;*.nypost.com;bostonglobe.com;*.bostonglobe.com;sfgate.com;*.sfgate.com;bbc.com;*.bbc.com;theguardian.com;*.theguardian.com;cnn.com;*.cnn.com;foxnews.com;*.foxnews.com;nbcnews.com;*.nbcnews.com;abcnews.go.com;*.abcnews.go.com;cbsnews.com;*.cbsnews.com;msnbc.com;*.msnbc.com;politico.com;*.politico.com;thehill.com;*.thehill.com;axios.com;*.axios.com;vox.com;*.vox.com;huffpost.com;*.huffpost.com;buzzfeednews.com;*.buzzfeednews.com;vice.com;*.vice.com;aljazeera.com;*.aljazeera.com;dw.com;*.dw.com;france24.com;*.france24.com;euronews.com;*.euronews.com;independent.co.uk;*.independent.co.uk;telegraph.co.uk;*.telegraph.co.uk;dailymail.co.uk;*.dailymail.co.uk;mirror.co.uk;*.mirror.co.uk;express.co.uk;*.express.co.uk;standard.co.uk;*.standard.co.uk;ft.com;*.ft.com;economist.com;*.economist.com;forbes.com;*.forbes.com;businessinsider.com;*.businessinsider.com;cnbc.com;*.cnbc.com;marketwatch.com;*.marketwatch.com;barrons.com;*.barrons.com;fortune.com;*.fortune.com;thestreet.com;*.thestreet.com;benzinga.com;*.benzinga.com;investing.com;*.investing.com;seekingalpha.com;*.seekingalpha.com;zerohedge.com;*.zerohedge.com;finviz.com;*.finviz.com;tradingview.com;*.tradingview.com;coindesk.com;*.coindesk.com;cointelegraph.com;*.cointelegraph.com;decrypt.co;*.decrypt.co;theblock.co;*.theblock.co;cryptonews.com;*.cryptonews.com;bitcoinist.com;*.bitcoinist.com;newsbtc.com;*.newsbtc.com;ccn.com;*.ccn.com;cryptoslate.com;*.cryptoslate.com;dailyhodl.com;*.dailyhodl.com;beincrypto.com;*.beincrypto.com;cryptopotato.com;*.cryptopotato.com;ambcrypto.com;*.ambcrypto.com;bitcoinmagazine.com;*.bitcoinmagazine.com;cryptobriefing.com;*.cryptobriefing.com;cryptoglobe.com;*.cryptoglobe.com;coingape.com;*.coingape.com;usnews.com;*.usnews.com;time.com;*.time.com;newsweek.com;*.newsweek.com;theatlantic.com;*.theatlantic.com;newyorker.com;*.newyorker.com;slate.com;*.slate.com;salon.com;*.salon.com;motherjones.com;*.motherjones.com;thedailybeast.com;*.thedailybeast.com;propublica.org;*.propublica.org;theintercept.com;*.theintercept.com;nationalreview.com;*.nationalreview.com;reason.com;*.reason.com;spectator.co.uk;*.spectator.co.uk;newstatesman.com;*.newstatesman.com;spiegel.de;*.spiegel.de;lemonde.fr;*.lemonde.fr;lefigaro.fr;*.lefigaro.fr;repubblica.it;*.repubblica.it;corriere.it;*.corriere.it;elpais.com;*.elpais.com;elmundo.es;*.elmundo.es;nikkei.com;*.nikkei.com;asahi.com;*.asahi.com;yomiuri.co.jp;*.yomiuri.co.jp;scmp.com;*.scmp.com;globaltimes.cn;*.globaltimes.cn;thehindu.com;*.thehindu.com;timesofindia.com;*.timesofindia.com;hindustantimes.com;*.hindustantimes.com;ndtv.com;*.ndtv.com;news18.com;*.news18.com;indianexpress.com;*.indianexpress.com;theaustralian.com.au;*.theaustralian.com.au;smh.com.au;*.smh.com.au;news.com.au;*.news.com.au;abc.net.au;*.abc.net.au;globeandmail.com;*.globeandmail.com;nationalpost.com;*.nationalpost.com;cbc.ca;*.cbc.ca;ctv.ca;*.ctv.ca;news24.com;*.news24.com;timeslive.co.za;*.timeslive.co.za;iol.co.za;*.iol.co.za;mg.co.za;*.mg.co.za;inquirer.net;*.inquirer.net;abs-cbn.com;*.abs-cbn.com;philstar.com;*.philstar.com;rappler.com;*.rappler.com;straitstimes.com;*.straitstimes.com;channelnewsasia.com;*.channelnewsasia.com;bangkokpost.com;*.bangkokpost.com;thejakartapost.com;*.thejakartapost.com;vietnamnews.vn;*.vietnamnews.vn;thanhnien.vn;*.thanhnien.vn;kompas.com;*.kompas.com;detik.com;*.detik.com;tempo.co;*.tempo.co;bernama.com;*.bernama.com;thestar.com.my;*.thestar.com.my;nst.com.my;*.nst.com.my;dawn.com;*.dawn.com;thenews.com.pk;*.thenews.com.pk;tribune.com.pk;*.tribune.com.pk;arabnews.com;*.arabnews.com;gulfnews.com;*.gulfnews.com;khaleejtimes.com;*.khaleejtimes.com;thenational.ae;*.thenational.ae;timesofisrael.com;*.timesofisrael.com;haaretz.com;*.haaretz.com;jpost.com;*.jpost.com;ynetnews.com;*.ynetnews.com
Photography,divephotoguide.com;*.divephotoguide.com;fototips.ru;*.fototips.ru;pexels.com;*.pexels.com;stuartcantorphotography.com;*.stuartcantorphotography.com;rauzier.com;*.rauzier.com;500px.com;*.500px.com;flickr.com;*.flickr.com;unsplash.com;*.unsplash.com;shutterstock.com;*.shutterstock.com;gettyimages.com;*.gettyimages.com;istockphoto.com;*.istockphoto.com;adobe.com;*.adobe.com;smugmug.com;*.smugmug.com;zenfolio.com;*.zenfolio.com;photoshelter.com;*.photoshelter.com;format.com;*.format.com;squarespace.com;*.squarespace.com;darkroom.tech;*.darkroom.tech;pixieset.com;*.pixieset.com;shootproof.com;*.shootproof.com;pass.us;*.pass.us;cloudspot.io;*.cloudspot.io;pictime.com;*.pictime.com;pixpa.com;*.pixpa.com;photodeck.com;*.photodeck.com;photomerchant.net;*.photomerchant.net;photofolio.com;*.photofolio.com;photosfolio.com;*.photosfolio.com;photodex.com;*.photodex.com;photobucket.com;*.photobucket.com;imgur.com;*.imgur.com;500prime.com;*.500prime.com;alamy.com;*.alamy.com;dreamstime.com;*.dreamstime.com;123rf.com;*.123rf.com;depositphotos.com;*.depositphotos.com;bigstockphoto.com;*.bigstockphoto.com;canstockphoto.com;*.canstockphoto.com;fotolia.com;*.fotolia.com;snapwire.co;*.snapwire.co;stocksy.com;*.stocksy.com;offset.com;*.offset.com;eyeem.com;*.eyeem.com;twenty20.com;*.twenty20.com;stockfresh.com;*.stockfresh.com;picfair.com;*.picfair.com;photocase.com;*.photocase.com;agefotostock.com;*.agefotostock.com;masterfile.com;*.masterfile.com;pond5.com;*.pond5.com;dissolve.com;*.dissolve.com;robertharding.com;*.robertharding.com;alamy.com;*.alamy.com;superstock.com;*.superstock.com;mauritius-images.com;*.mauritius-images.com;imagestate.com;*.imagestate.com;imageselect.eu;*.imageselect.eu;bridgemanimages.com;*.bridgemanimages.com;magnumphotos.com;*.magnumphotos.com;viiphoto.com;*.viiphoto.com;noorimages.com;*.noorimages.com;agencevu.com;*.agencevu.com;contactpressimages.com;*.contactpressimages.com;panos.co.uk;*.panos.co.uk;reportdigital.co.uk;*.reportdigital.co.uk;demotix.com;*.demotix.com;polaris.com;*.polaris.com;zuma.com;*.zuma.com;dpaphotoline.com;*.dpaphotoline.com;epa.eu;*.epa.eu;afp.com;*.afp.com;reuters.com;*.reuters.com;ap.org;*.ap.org;worldpressphoto.org;*.worldpressphoto.org;photojournale.com;*.photojournale.com;lightstalkers.org;*.lightstalkers.org;photoshelter.com;*.photoshelter.com;photodune.net;*.photodune.net;graphicriver.net;*.graphicriver.net;creativemarket.com;*.creativemarket.com;designbundles.net;*.designbundles.net;creativefabrica.com;*.creativefabrica.com;designcuts.com;*.designcuts.com;youworkforthem.com;*.youworkforthem.com;mightydeals.com;*.mightydeals.com;dealjumbo.com;*.dealjumbo.com;dealfuel.com;*.dealfuel.com;inkydeals.com;*.inkydeals.com;designtnt.com;*.designtnt.com;pixelo.net;*.pixelo.net;designious.com;*.designious.com;vectorstock.com;*.vectorstock.com;vecteezy.com;*.vecteezy.com;freepik.com;*.freepik.com;vectorportal.com;*.vectorportal.com;vectorstate.com;*.vectorstate.com;vectorvice.com;*.vectorvice.com;vectorified.com;*.vectorified.com;vectorgrove.com;*.vectorgrove.com;vectorpacks.com;*.vectorpacks.com;vectorvalley.com;*.vectorvalley.com;vectorvault.com;*.vectorvault.com;vectorwise.com;*.vectorwise.com;vectorworld.com;*.vectorworld.com;vectorzone.com;*.vectorzone.com;vectorzilla.com;*.vectorzilla.com;vectorstock.com;*.vectorstock.com;vecteezy.com;*.vecteezy.com;freepik.com;*.freepik.com;vectorportal.com;*.vectorportal.com;vectorstate.com;*.vectorstate.com;vectorvice.com;*.vectorvice.com;vectorified.com;*.vectorified.com;vectorgrove.com;*.vectorgrove.com;vectorpacks.com;*.vectorpacks.com;vectorvalley.com;*.vectorvalley.com;vectorvault.com;*.vectorvault.com;vectorwise.com;*.vectorwise.com;vectorworld.com;*.vectorworld.com;vectorzone.com;*.vectorzone.com;vectorzilla.com;*.vectorzilla.com
Real_Estate,zillow.com;*.zillow.com;realtor.com;*.realtor.com;trulia.com;*.trulia.com;redfin.com;*.redfin.com;homes.com;*.homes.com;century21.com;*.century21.com;remax.com;*.remax.com;coldwellbanker.com;*.coldwellbanker.com;kw.com;*.kw.com;sothebysrealty.com;*.sothebysrealty.com;berkshirehathawayhs.com;*.berkshirehathawayhs.com;compass.com;*.compass.com;elliman.com;*.elliman.com;corcoran.com;*.corcoran.com;weichert.com;*.weichert.com;bhgre.com;*.bhgre.com;era.com;*.era.com;realestate.com;*.realestate.com;loopnet.com;*.loopnet.com;costar.com;*.costar.com;apartments.com;*.apartments.com;apartmentfinder.com;*.apartmentfinder.com;rent.com;*.rent.com;rentals.com;*.rentals.com;apartmentguide.com;*.apartmentguide.com;forrent.com;*.forrent.com;hotpads.com;*.hotpads.com;rentcafe.com;*.rentcafe.com;rentpath.com;*.rentpath.com;realpage.com;*.realpage.com;yardi.com;*.yardi.com;appfolio.com;*.appfolio.com;buildium.com;*.buildium.com;propertyware.com;*.propertyware.com;rentmanager.com;*.rentmanager.com;mri.com;*.mri.com;entrata.com;*.entrata.com;resman.com;*.resman.com;onsite.com;*.onsite.com;renttrack.com;*.renttrack.com;rentprep.com;*.rentprep.com;propertymatrix.com;*.propertymatrix.com;rentec.com;*.rentec.com;propertybase.com;*.propertybase.com;followupboss.com;*.followupboss.com;liondesk.com;*.liondesk.com;realvolve.com;*.realvolve.com;ixact.com;*.ixact.com;topproducer.com;*.topproducer.com;realgeeks.com;*.realgeeks.com;kvcore.com;*.kvcore.com;boomtown.com;*.boomtown.com;placester.com;*.placester.com;realscout.com;*.realscout.com;homelight.com;*.homelight.com;opendoor.com;*.opendoor.com;offerpad.com;*.offerpad.com;knock.com;*.knock.com;orchard.com;*.orchard.com;homeward.com;*.homeward.com;flyhomes.com;*.flyhomes.com;ribbon.com;*.ribbon.com;homeward.com;*.homeward.com;accept.inc;*.accept.inc;divvy.com;*.divvy.com;landwatch.com;*.landwatch.com;land.com;*.land.com;landandfarm.com;*.landandfarm.com;farmandland.com;*.farmandland.com;landsofamerica.com;*.landsofamerica.com;landflip.com;*.landflip.com;landcentury.com;*.landcentury.com;landleader.com;*.landleader.com;landsearch.com;*.landsearch.com;landbroker.com;*.landbroker.com;landwatch.com;*.landwatch.com;landflip.com;*.landflip.com;landcentral.com;*.landcentral.com;landleader.com;*.landleader.com;landsofamerica.com;*.landsofamerica.com;landandfarm.com;*.landandfarm.com;farmflip.com;*.farmflip.com;ranchflip.com;*.ranchflip.com;landflip.com;*.landflip.com;landwatch.com;*.landwatch.com;landcentral.com;*.landcentral.com;landleader.com;*.landleader.com;landsofamerica.com;*.landsofamerica.com;landandfarm.com;*.landandfarm.com;farmflip.com;*.farmflip.com;ranchflip.com;*.ranchflip.com;landflip.com;*.landflip.com;landwatch.com;*.landwatch.com;landcentral.com;*.landcentral.com;landleader.com;*.landleader.com;landsofamerica.com;*.landsofamerica.com;landandfarm.com;*.landandfarm.com;farmflip.com;*.farmflip.com;ranchflip.com;*.ranchflip.com;landflip.com;*.landflip.com;landwatch.com;*.landwatch.com;landcentral.com;*.landcentral.com;landleader.com;*.landleader.com;landsofamerica.com;*.landsofamerica.com;landandfarm.com;*.landandfarm.com;farmflip.com;*.farmflip.com;ranchflip.com;*.ranchflip.com;landflip.com;*.landflip.com;landwatch.com;*.landwatch.com;landcentral.com;*.landcentral.com;landleader.com;*.landleader.com;landsofamerica.com;*.landsofamerica.com;landandfarm.com;*.landandfarm.com;farmflip.com;*.farmflip.com;ranchflip.com;*.ranchflip.com;landflip.com;*.landflip.com;landwatch.com;*.landwatch.com;landcentral.com;*.landcentral.com;landleader.com;*.landleader.com;landsofamerica.com;*.landsofamerica.com;landandfarm.com;*.landandfarm.com;farmflip.com;*.farmflip.com;ranchflip.com;*.ranchflip.com
Religion,academic-bible.com;*.academic-bible.com;aef-international.com;*.aef-international.com;bennyhinn.org;*.bennyhinn.org;biblegateway.com;*.biblegateway.com;biblestudytools.com;*.biblestudytools.com;vatican.va;*.vatican.va;christianity.com;*.christianity.com;islam.com;*.islam.com;judaism.com;*.judaism.com;buddhism.com;*.buddhism.com;hinduism.com;*.hinduism.com;mormon.org;*.mormon.org;jw.org;*.jw.org;scientology.org;*.scientology.org;beliefnet.com;*.beliefnet.com;patheos.com;*.patheos.com;crosswalk.com;*.crosswalk.com;desiringgod.org;*.desiringgod.org;gotquestions.org;*.gotquestions.org;bible.com;*.bible.com;openbible.info;*.openbible.info;biblehub.com;*.biblehub.com;blueletterbible.org;*.blueletterbible.org;christianbook.com;*.christianbook.com;lifeway.com;*.lifeway.com;christianitytoday.com;*.christianitytoday.com;relevantmagazine.com;*.relevantmagazine.com;catholicnews.com;*.catholicnews.com;ncregister.com;*.ncregister.com;firstthings.com;*.firstthings.com;chabad.org;*.chabad.org;aish.com;*.aish.com;torah.org;*.torah.org;myjewishlearning.com;*.myjewishlearning.com;jewfaq.org;*.jewfaq.org;reformjudaism.org;*.reformjudaism.org;islamicity.org;*.islamicity.org;islamweb.net;*.islamweb.net;islamqa.info;*.islamqa.info;aboutislam.net;*.aboutislam.net;muslimmatters.org;*.muslimmatters.org;suhaibwebb.com;*.suhaibwebb.com;buddhanet.net;*.buddhanet.net;tricycle.org;*.tricycle.org;lionsroar.com;*.lionsroar.com;dharma.org;*.dharma.org;fpmt.org;*.fpmt.org;zen.org;*.zen.org;hinduwebsite.com;*.hinduwebsite.com;vedanta.org;*.vedanta.org;iskcon.org;*.iskcon.org;sikhnet.com;*.sikhnet.com;sikhs.org;*.sikhs.org;bahai.org;*.bahai.org;taoism.net;*.taoism.net;paganfederation.org;*.paganfederation.org;wicca.org;*.wicca.org;druze.org;*.druze.org;zoroastrian.org;*.zoroastrian.org;jainworld.com;*.jainworld.com;shinto.org;*.shinto.org;carm.org;*.carm.org;catholic.com;*.catholic.com;orthodoxinfo.com;*.orthodoxinfo.com;orthodoxytoday.org;*.orthodoxytoday.org;antiochian.org;*.antiochian.org;goarch.org;*.goarch.org;oca.org;*.oca.org;lcms.org;*.lcms.org;elca.org;*.elca.org;pcusa.org;*.pcusa.org;umc.org;*.umc.org;sbc.net;*.sbc.net;nazarene.org;*.nazarene.org;adventist.org;*.adventist.org;lds.org;*.lds.org;presbyterian.org;*.presbyterian.org;episcopalchurch.org;*.episcopalchurch.org;anglicancommunion.org;*.anglicancommunion.org;methodist.org.uk;*.methodist.org.uk;baptistworld.org;*.baptistworld.org;assembliesofgod.org;*.assembliesofgod.org;cogic.org;*.cogic.org;churchofgod.org;*.churchofgod.org;foursquare.org;*.foursquare.org;vineyardusa.org;*.vineyardusa.org;calvarychapel.com;*.calvarychapel.com;hillsong.com;*.hillsong.com;rzim.org;*.rzim.org;cru.org;*.cru.org;intervarsity.org;*.intervarsity.org;navigators.org;*.navigators.org;ywam.org;*.ywam.org;wycliffe.org;*.wycliffe.org;persecution.org;*.persecution.org;opendoorsusa.org;*.opendoorsusa.org;samaritanspurse.org;*.samaritanspurse.org;worldvision.org;*.worldvision.org;compassion.com;*.compassion.com;christianaid.org;*.christianaid.org;catholiccharities.org;*.catholiccharities.org;salvationarmy.org;*.salvationarmy.org;christianityexplored.org;*.christianityexplored.org;alpha.org;*.alpha.org;biblicaltraining.org;*.biblicaltraining.org;biblicalcounseling.com;*.biblicalcounseling.com;ccef.org;*.ccef.org;ligonier.org;*.ligonier.org;thegospelcoalition.org;*.thegospelcoalition.org;9marks.org;*.9marks.org;challies.com;*.challies.com;desiringGod.org;*.desiringGod.org;gracetoyou.org;*.gracetoyou.org;truthforlife.org;*.truthforlife.org;oneplace.com;*.oneplace.com;sermonaudio.com;*.sermonaudio.com;preachingtoday.com;*.preachingtoday.com;biblicalarchaeology.org;*.biblicalarchaeology.org;bibleodyssey.org;*.bibleodyssey.org;biblicalstudies.org.uk;*.biblicalstudies.org.uk;bibleplaces.com;*.bibleplaces.com;biblearchaeology.org;*.biblearchaeology.org;biblicaltraining.org;*.biblicaltraining.org
Search_Engine,google.com;*.google.com;50webs.com;*.50webs.com;addresses.com;*.addresses.com;baidu.com;*.baidu.com;domaining.com;*.domaining.com;bing.com;*.bing.com;yahoo.com;*.yahoo.com;duckduckgo.com;*.duckduckgo.com;yandex.com;*.yandex.com;ecosia.org;*.ecosia.org;startpage.com;*.startpage.com;qwant.com;*.qwant.com;searx.me;*.searx.me;metager.org;*.metager.org;swisscows.com;*.swisscows.com;mojeek.com;*.mojeek.com;gibiru.com;*.gibiru.com;lukol.com;*.lukol.com;searchencrypt.com;*.searchencrypt.com;oscobo.com;*.oscobo.com;disconnect.me;*.disconnect.me;peekier.com;*.peekier.com;boardreader.com;*.boardreader.com;dogpile.com;*.dogpile.com;webcrawler.com;*.webcrawler.com;info.com;*.info.com;entireweb.com;*.entireweb.com;gigablast.com;*.gigablast.com;excite.com;*.excite.com;lycos.com;*.lycos.com;hotbot.com;*.hotbot.com;search.aol.com;*.search.aol.com;ask.com;*.ask.com;teoma.com;*.teoma.com;searchlock.com;*.searchlock.com;yippy.com;*.yippy.com;metacrawler.com;*.metacrawler.com;millionshort.com;*.millionshort.com;looksmart.com;*.looksmart.com;monstercrawler.com;*.monstercrawler.com;webopedia.com;*.webopedia.com;biznar.com;*.biznar.com;izito.com;*.izito.com;zapmeta.com;*.zapmeta.com;alhea.com;*.alhea.com;findsmarter.com;*.findsmarter.com;searchalot.com;*.searchalot.com;infospace.com;*.infospace.com;search.com;*.search.com;wow.com;*.wow.com;webcrawler.com;*.webcrawler.com;mywebsearch.com;*.mywebsearch.com;searchboth.com;*.searchboth.com;searchall.com;*.searchall.com;searchlock.com;*.searchlock.com;searchencrypt.com;*.searchencrypt.com;startpage.com;*.startpage.com;ixquick.com;*.ixquick.com;yandex.ru;*.yandex.ru;rambler.ru;*.rambler.ru;mail.ru;*.mail.ru;seznam.cz;*.seznam.cz;naver.com;*.naver.com;daum.net;*.daum.net;nate.com;*.nate.com;yahoo.co.jp;*.yahoo.co.jp;goo.ne.jp;*.goo.ne.jp;so.com;*.so.com;sogou.com;*.sogou.com;soso.com;*.soso.com;haosou.com;*.haosou.com;sm.cn;*.sm.cn;youdao.com;*.youdao.com;zhongsou.com;*.zhongsou.com;panguso.com;*.panguso.com;qihoo.com;*.qihoo.com;360.cn;*.360.cn;bing.cn;*.bing.cn;yahoo.cn;*.yahoo.cn;yisou.com;*.yisou.com;accoona.com;*.accoona.com;baidu.jp;*.baidu.jp;daum.net;*.daum.net;eniro.se;*.eniro.se;goo.ne.jp;*.goo.ne.jp;kakaku.com;*.kakaku.com;myway.com;*.myway.com;najdi.si;*.najdi.si;naver.com;*.naver.com;onet.pl;*.onet.pl;orange.fr;*.orange.fr;parseek.com;*.parseek.com;rakuten.co.jp;*.rakuten.co.jp;rambler.ru;*.rambler.ru;search.ch;*.search.ch;search.com;*.search.com;searchalot.com;*.searchalot.com;seznam.cz;*.seznam.cz;terra.com.br;*.terra.com.br;ukr.net;*.ukr.net;virgilio.it;*.virgilio.it;voila.fr;*.voila.fr;wp.pl;*.wp.pl;yam.com;*.yam.com;yandex.ru;*.yandex.ru;yandex.ua;*.yandex.ua;yandex.by;*.yandex.by;yandex.kz;*.yandex.kz;yandex.uz;*.yandex.uz;yandex.com.tr;*.yandex.com.tr;yandex.com.ge;*.yandex.com.ge;yandex.co.il;*.yandex.co.il;yandex.com.am;*.yandex.com.am;yandex.com.az;*.yandex.com.az;yandex.com.md;*.yandex.com.md;yandex.com.tj;*.yandex.com.tj;yandex.tm;*.yandex.tm;yandex.ee;*.yandex.ee;yandex.lv;*.yandex.lv;yandex.lt;*.yandex.lt;yandex.kg;*.yandex.kg;yandex.fr;*.yandex.fr;yandex.de;*.yandex.de;yandex.com.cy;*.yandex.com.cy
Software,atlassian.com;*.atlassian.com;fleksy.com;*.fleksy.com;gnumonks.org;*.gnumonks.org;jekyllrb.com;*.jekyllrb.com;myheritage.com;*.myheritage.com;microsoft.com;*.microsoft.com;adobe.com;*.adobe.com;oracle.com;*.oracle.com;salesforce.com;*.salesforce.com;sap.com;*.sap.com;ibm.com;*.ibm.com;vmware.com;*.vmware.com;intuit.com;*.intuit.com;autodesk.com;*.autodesk.com;symantec.com;*.symantec.com;mcafee.com;*.mcafee.com;kaspersky.com;*.kaspersky.com;avast.com;*.avast.com;norton.com;*.norton.com;bitdefender.com;*.bitdefender.com;avg.com;*.avg.com;eset.com;*.eset.com;malwarebytes.com;*.malwarebytes.com;trendmicro.com;*.trendmicro.com;f-secure.com;*.f-secure.com;sophos.com;*.sophos.com;avira.com;*.avira.com;pandasecurity.com;*.pandasecurity.com;webroot.com;*.webroot.com;zonealarm.com;*.zonealarm.com;comodo.com;*.comodo.com;bullguard.com;*.bullguard.com;pcprotect.com;*.pcprotect.com;totalav.com;*.totalav.com;scanguard.com;*.scanguard.com;vipre.com;*.vipre.com;cylance.com;*.cylance.com;carbonblack.com;*.carbonblack.com;crowdstrike.com;*.crowdstrike.com;fireeye.com;*.fireeye.com;sentinelone.com;*.sentinelone.com;cybereason.com;*.cybereason.com;blackberry.com;*.blackberry.com;checkpoint.com;*.checkpoint.com;fortinet.com;*.fortinet.com;paloaltonetworks.com;*.paloaltonetworks.com;cisco.com;*.cisco.com;juniper.net;*.juniper.net;sonicwall.com;*.sonicwall.com;watchguard.com;*.watchguard.com;barracuda.com;*.barracuda.com;netgear.com;*.netgear.com;linksys.com;*.linksys.com;dlink.com;*.dlink.com;tp-link.com;*.tp-link.com;asus.com;*.asus.com;dell.com;*.dell.com;hp.com;*.hp.com;lenovo.com;*.lenovo.com;acer.com;*.acer.com;apple.com;*.apple.com;samsung.com;*.samsung.com;lg.com;*.lg.com;sony.com;*.sony.com;toshiba.com;*.toshiba.com;fujitsu.com;*.fujitsu.com;panasonic.com;*.panasonic.com;sharp.com;*.sharp.com;philips.com;*.philips.com;canon.com;*.canon.com;epson.com;*.epson.com;brother.com;*.brother.com;xerox.com;*.xerox.com;lexmark.com;*.lexmark.com;ricoh.com;*.ricoh.com;kyocera.com;*.kyocera.com;konica-minolta.com;*.konica-minolta.com;zebra.com;*.zebra.com;honeywell.com;*.honeywell.com;motorola.com;*.motorola.com;intel.com;*.intel.com;amd.com;*.amd.com;nvidia.com;*.nvidia.com;qualcomm.com;*.qualcomm.com;broadcom.com;*.broadcom.com;ti.com;*.ti.com;arm.com;*.arm.com;mediatek.com;*.mediatek.com;realtek.com;*.realtek.com;marvell.com;*.marvell.com;xilinx.com;*.xilinx.com;altera.com;*.altera.com;micron.com;*.micron.com;westerndigital.com;*.westerndigital.com;seagate.com;*.seagate.com;kingston.com;*.kingston.com;sandisk.com;*.sandisk.com;crucial.com;*.crucial.com;corsair.com;*.corsair.com;gskill.com;*.gskill.com;teamgroup.com;*.teamgroup.com;patriotmemory.com;*.patriotmemory.com;thermaltake.com;*.thermaltake.com;coolermaster.com;*.coolermaster.com;nzxt.com;*.nzxt.com;fractal-design.com;*.fractal-design.com;phanteks.com;*.phanteks.com;lian-li.com;*.lian-li.com;bequiet.com;*.bequiet.com;evga.com;*.evga.com;msi.com;*.msi.com;gigabyte.com;*.gigabyte.com;asrock.com;*.asrock.com;biostar.com;*.biostar.com;supermicro.com;*.supermicro.com;zotac.com;*.zotac.com;powercolor.com;*.powercolor.com;sapphire.com;*.sapphire.com;xfx.com;*.xfx.com;palit.com;*.palit.com;gainward.com;*.gainward.com;inno3d.com;*.inno3d.com;galax.com;*.galax.com;pny.com;*.pny.com;visiontek.com;*.visiontek.com;matrox.com;*.matrox.com;creative.com;*.creative.com;asus.com;*.asus.com;msi.com;*.msi.com;gigabyte.com;*.gigabyte.com;asrock.com;*.asrock.com;biostar.com;*.biostar.com;supermicro.com;*.supermicro.com;zotac.com;*.zotac.com;powercolor.com;*.powercolor.com;sapphire.com;*.sapphire.com;xfx.com;*.xfx.com;palit.com;*.palit.com;gainward.com;*.gainward.com;inno3d.com;*.inno3d.com;galax.com;*.galax.com;pny.com;*.pny.com;visiontek.com;*.visiontek.com;matrox.com;*.matrox.com;creative.com;*.creative.com
Sports,footballticketnet.com;*.footballticketnet.com;247sports.com;*.247sports.com;altai-uor.ru;*.altai-uor.ru;as.com;*.as.com;autoracing1.com;*.autoracing1.com;espn.com;*.espn.com;nfl.com;*.nfl.com;nba.com;*.nba.com;mlb.com;*.mlb.com;nhl.com;*.nhl.com;fifa.com;*.fifa.com;uefa.com;*.uefa.com;premierleague.com;*.premierleague.com;laliga.com;*.laliga.com;bundesliga.com;*.bundesliga.com;seriea.com;*.seriea.com;ligue1.com;*.ligue1.com;formula1.com;*.formula1.com;motogp.com;*.motogp.com;nascar.com;*.nascar.com;pgatour.com;*.pgatour.com;atp.com;*.atp.com;wta.com;*.wta.com;olympics.com;*.olympics.com;nbcsports.com;*.nbcsports.com;foxsports.com;*.foxsports.com;cbssports.com;*.cbssports.com;skysports.com;*.skysports.com;eurosport.com;*.eurosport.com;marca.com;*.marca.com;goal.com;*.goal.com;bleacherreport.com;*.bleacherreport.com;theathletic.com;*.theathletic.com;sportingnews.com;*.sportingnews.com;si.com;*.si.com;deadspin.com;*.deadspin.com;sbnation.com;*.sbnation.com;fanduel.com;*.fanduel.com;draftkings.com;*.draftkings.com;nike.com;*.nike.com;adidas.com;*.adidas.com;underarmour.com;*.underarmour.com;puma.com;*.puma.com;reebok.com;*.reebok.com;newbalance.com;*.newbalance.com;asics.com;*.asics.com;wilson.com;*.wilson.com;spalding.com;*.spalding.com;rawlings.com;*.rawlings.com;mizuno.com;*.mizuno.com;callaway.com;*.callaway.com;titleist.com;*.titleist.com;taylormadegolf.com;*.taylormadegolf.com;ping.com;*.ping.com;cleveland.com;*.cleveland.com;odysseygolf.com;*.odysseygolf.com;footlocker.com;*.footlocker.com;dickssportinggoods.com;*.dickssportinggoods.com;academy.com;*.academy.com;stubhub.com;*.stubhub.com;ticketmaster.com;*.ticketmaster.com;seatgeek.com;*.seatgeek.com;vivid.com;*.vivid.com;transfermarkt.com;*.transfermarkt.com;whoscored.com;*.whoscored.com;sofascore.com;*.sofascore.com;flashscore.com;*.flashscore.com;livescore.com;*.livescore.com;oddschecker.com;*.oddschecker.com;betfair.com;*.betfair.com;bet365.com;*.bet365.com;williamhill.com;*.williamhill.com;paddypower.com;*.paddypower.com;ladbrokes.com;*.ladbrokes.com;coral.co.uk;*.coral.co.uk;unibet.com;*.unibet.com;bwin.com;*.bwin.com;betway.com;*.betway.com;888sport.com;*.888sport.com;skybet.com;*.skybet.com;betvictor.com;*.betvictor.com;marathonbet.com;*.marathonbet.com;pinnacle.com;*.pinnacle.com;bovada.lv;*.bovada.lv;betonline.ag;*.betonline.ag;sportingbet.com;*.sportingbet.com;betsson.com;*.betsson.com;10bet.com;*.10bet.com;leovegas.com;*.leovegas.com;casumo.com;*.casumo.com;mrgreen.com;*.mrgreen.com;bethard.com;*.bethard.com;rizk.com;*.rizk.com;dafabet.com;*.dafabet.com;22bet.com;*.22bet.com;1xbet.com;*.1xbet.com;melbet.com;*.melbet.com;parimatch.com;*.parimatch.com;betclic.com;*.betclic.com;winamax.fr;*.winamax.fr;pmu.fr;*.pmu.fr;tipico.de;*.tipico.de;bet-at-home.com;*.bet-at-home.com;interwetten.com;*.interwetten.com;betano.com;*.betano.com;stoiximan.gr;*.stoiximan.gr;betano.pt;*.betano.pt;sisal.it;*.sisal.it;snai.it;*.snai.it;eurobet.it;*.eurobet.it;planetwin365.it;*.planetwin365.it;betflag.it;*.betflag.it;betstars.it;*.betstars.it;starcasino.it;*.starcasino.it;admiralyes.it;*.admiralyes.it;betway.it;*.betway.it;888.it;*.888.it;bwin.it;*.bwin.it;unibet.it;*.unibet.it;betfair.it;*.betfair.it;williamhill.it;*.williamhill.it;bet365.it;*.bet365.it;betsson.it;*.betsson.it;leovegas.it;*.leovegas.it;starvegas.it;*.starvegas.it;betclic.it;*.betclic.it;betflag.it;*.betflag.it;betaland.it;*.betaland.it;goldbet.it;*.goldbet.it;admiralbet.it;*.admiralbet.it;betpoint.it;*.betpoint.it
Technology,techpinas.com;*.techpinas.com;techcrunch.com;*.techcrunch.com;theverge.com;*.theverge.com;wired.com;*.wired.com;engadget.com;*.engadget.com;cnet.com;*.cnet.com;zdnet.com;*.zdnet.com;arstechnica.com;*.arstechnica.com;tomshardware.com;*.tomshardware.com;anandtech.com;*.anandtech.com;digitaltrends.com;*.digitaltrends.com;techradar.com;*.techradar.com;gizmodo.com;*.gizmodo.com;mashable.com;*.mashable.com;venturebeat.com;*.venturebeat.com;slashdot.org;*.slashdot.org;macrumors.com;*.macrumors.com;9to5mac.com;*.9to5mac.com;androidcentral.com;*.androidcentral.com;xda-developers.com;*.xda-developers.com;gsmarena.com;*.gsmarena.com;phonearena.com;*.phonearena.com;androidauthority.com;*.androidauthority.com;appleinsider.com;*.appleinsider.com;windowscentral.com;*.windowscentral.com;neowin.net;*.neowin.net;bleepingcomputer.com;*.bleepingcomputer.com;techspot.com;*.techspot.com;howtogeek.com;*.howtogeek.com;makeuseof.com;*.makeuseof.com;github.com;*.github.com;gitlab.com;*.gitlab.com;stackoverflow.com;*.stackoverflow.com;aws.amazon.com;*.aws.amazon.com;cloud.google.com;*.cloud.google.com;ibm.com;*.ibm.com;oracle.com;*.oracle.com;salesforce.com;*.salesforce.com;vmware.com;*.vmware.com;cisco.com;*.cisco.com;intel.com;*.intel.com;amd.com;*.amd.com;nvidia.com;*.nvidia.com;qualcomm.com;*.qualcomm.com;arm.com;*.arm.com;samsung.com;*.samsung.com;apple.com;*.apple.com;microsoft.com;*.microsoft.com;google.com;*.google.com;dell.com;*.dell.com;hp.com;*.hp.com;lenovo.com;*.lenovo.com;asus.com;*.asus.com;acer.com;*.acer.com;msi.com;*.msi.com;gigabyte.com;*.gigabyte.com;asrock.com;*.asrock.com;corsair.com;*.corsair.com;westerndigital.com;*.westerndigital.com;seagate.com;*.seagate.com;kingston.com;*.kingston.com;crucial.com;*.crucial.com;logitech.com;*.logitech.com;razer.com;*.razer.com;steelseries.com;*.steelseries.com;hyperx.com;*.hyperx.com;roccat.com;*.roccat.com;coolermaster.com;*.coolermaster.com;nzxt.com;*.nzxt.com;thermaltake.com;*.thermaltake.com;fractal-design.com;*.fractal-design.com;lian-li.com;*.lian-li.com;phanteks.com;*.phanteks.com;evga.com;*.evga.com;zotac.com;*.zotac.com;sapphire.com;*.sapphire.com;powercolor.com;*.powercolor.com;palit.com;*.palit.com;gainward.com;*.gainward.com;inno3d.com;*.inno3d.com;galax.com;*.galax.com;pny.com;*.pny.com;teamgroup.com;*.teamgroup.com;gskill.com;*.gskill.com;patriotmemory.com;*.patriotmemory.com;apacer.com;*.apacer.com;transcend-info.com;*.transcend-info.com;silicon-power.com;*.silicon-power.com;addlink.com;*.addlink.com;sabrent.com;*.sabrent.com;lexar.com;*.lexar.com;adata.com;*.adata.com;toshiba.com;*.toshiba.com;hynix.com;*.hynix.com;micron.com;*.micron.com;kioxia.com;*.kioxia.com;realtek.com;*.realtek.com;mediatek.com;*.mediatek.com;broadcom.com;*.broadcom.com;marvell.com;*.marvell.com;xilinx.com;*.xilinx.com;infineon.com;*.infineon.com;st.com;*.st.com;nxp.com;*.nxp.com;renesas.com;*.renesas.com;ti.com;*.ti.com;analog.com;*.analog.com;microchip.com;*.microchip.com;cypress.com;*.cypress.com;silabs.com;*.silabs.com;maxim-ic.com;*.maxim-ic.com;onsemi.com;*.onsemi.com;rohm.com;*.rohm.com;vishay.com;*.vishay.com;diodes.com;*.diodes.com;tdk.com;*.tdk.com;murata.com;*.murata.com;yageo.com;*.yageo.com;kemet.com;*.kemet.com;nichicon.com;*.nichicon.com;panasonic.com;*.panasonic.com;samsung.com;*.samsung.com;lg.com;*.lg.com;sony.com;*.sony.com;philips.com;*.philips.com;sharp.com;*.sharp.com;pioneer.com;*.pioneer.com;kenwood.com;*.kenwood.com;jvc.com;*.jvc.com;denon.com;*.denon.com;marantz.com;*.marantz.com;onkyo.com;*.onkyo.com;yamaha.com;*.yamaha.com;roland.com;*.roland.com;korg.com;*.korg.com
Telecommunication,asahi-net.or.jp;*.asahi-net.or.jp;earthlink.net;*.earthlink.net;mobilevikings.be;*.mobilevikings.be;att.com;*.att.com;verizon.com;*.verizon.com;tmobile.com;*.tmobile.com;sprint.com;*.sprint.com;vodafone.com;*.vodafone.com;orange.com;*.orange.com;telefonica.com;*.telefonica.com;deutsche-telekom.com;*.deutsche-telekom.com;ntt.com;*.ntt.com;kddi.com;*.kddi.com;softbank.jp;*.softbank.jp;rogers.com;*.rogers.com;bell.ca;*.bell.ca;telus.com;*.telus.com;telstra.com.au;*.telstra.com.au;optus.com.au;*.optus.com.au;singtel.com;*.singtel.com;starhub.com;*.starhub.com;maxis.com.my;*.maxis.com.my;digi.com.my;*.digi.com.my;celcom.com.my;*.celcom.com.my;axiata.com;*.axiata.com;indosat.com;*.indosat.com;telkomsel.com;*.telkomsel.com;globe.com.ph;*.globe.com.ph;smart.com.ph;*.smart.com.ph;pldt.com;*.pldt.com;airtel.in;*.airtel.in;jio.com;*.jio.com;vodafone.in;*.vodafone.in;idea.in;*.idea.in;bsnl.co.in;*.bsnl.co.in;mtnl.net.in;*.mtnl.net.in;etisalat.ae;*.etisalat.ae;du.ae;*.du.ae;zain.com;*.zain.com;stc.com.sa;*.stc.com.sa;ooredoo.com;*.ooredoo.com;mobily.com.sa;*.mobily.com.sa;mtn.com;*.mtn.com;glo.com;*.glo.com;airtel.africa;*.airtel.africa;safaricom.co.ke;*.safaricom.co.ke;vodacom.co.za;*.vodacom.co.za;mtn.co.za;*.mtn.co.za;telkom.co.za;*.telkom.co.za;cell.c.za;*.cell.c.za;movistar.com;*.movistar.com;claro.com;*.claro.com;oi.com.br;*.oi.com.br;tim.com.br;*.tim.com.br;vivo.com.br;*.vivo.com.br;tigo.com;*.tigo.com;comcast.com;*.comcast.com;charter.com;*.charter.com;cox.com;*.cox.com;frontier.com;*.frontier.com;windstream.com;*.windstream.com;centurylink.com;*.centurylink.com;spectrum.com;*.spectrum.com;optimum.com;*.optimum.com;suddenlink.com;*.suddenlink.com;mediacom.com;*.mediacom.com;rcn.com;*.rcn.com;wow.com;*.wow.com;armstrong.com;*.armstrong.com;consolidated.com;*.consolidated.com;cincinnatibell.com;*.cincinnatibell.com;hawaiiantel.com;*.hawaiiantel.com;gvtc.com;*.gvtc.com;midco.com;*.midco.com;metronet.com;*.metronet.com;grande.com;*.grande.com;tds.com;*.tds.com;ziply.com;*.ziply.com;firstlight.net;*.firstlight.net;gtt.net;*.gtt.net;cogent.com;*.cogent.com;level3.com;*.level3.com;zayo.com;*.zayo.com;lumen.com;*.lumen.com;arelion.com;*.arelion.com;pccw.com;*.pccw.com;colt.net;*.colt.net;eunetworks.com;*.eunetworks.com;interoute.com;*.interoute.com;globalcrossing.com;*.globalcrossing.com;sprint.net;*.sprint.net;verizonbusiness.com;*.verizonbusiness.com;bt.com;*.bt.com;virginmedia.com;*.virginmedia.com;sky.com;*.sky.com;talktalk.co.uk;*.talktalk.co.uk;three.co.uk;*.three.co.uk;ee.co.uk;*.ee.co.uk;o2.co.uk;*.o2.co.uk;giffgaff.com;*.giffgaff.com;tesco.com;*.tesco.com;voxi.co.uk;*.voxi.co.uk;smarty.co.uk;*.smarty.co.uk;lebara.co.uk;*.lebara.co.uk;lycamobile.co.uk;*.lycamobile.co.uk;id.co.uk;*.id.co.uk;asda.com;*.asda.com;1p.com;*.1p.com;freedompop.com;*.freedompop.com;mint.com;*.mint.com;cricket.com;*.cricket.com;boost.com;*.boost.com;metropcs.com;*.metropcs.com;ting.com;*.ting.com;consumer.com;*.consumer.com;visible.com;*.visible.com;xfinity.com;*.xfinity.com;straighttalk.com;*.straighttalk.com;tracfone.com;*.tracfone.com;net10.com;*.net10.com;simplemobile.com;*.simplemobile.com;totalwireless.com;*.totalwireless.com;safelink.com;*.safelink.com;qlink.com;*.qlink.com;assurance.com;*.assurance.com;lifeline.com;*.lifeline.com
Travel,expedia.com;*.expedia.com;booking.com;*.booking.com;tripadvisor.com;*.tripadvisor.com;airbnb.com;*.airbnb.com;hotels.com;*.hotels.com;kayak.com;*.kayak.com;priceline.com;*.priceline.com;orbitz.com;*.orbitz.com;travelocity.com;*.travelocity.com;hotwire.com;*.hotwire.com;agoda.com;*.agoda.com;marriott.com;*.marriott.com;hilton.com;*.hilton.com;ihg.com;*.ihg.com;hyatt.com;*.hyatt.com;wyndham.com;*.wyndham.com;accor.com;*.accor.com;choicehotels.com;*.choicehotels.com;radissonhotels.com;*.radissonhotels.com;shangri-la.com;*.shangri-la.com;delta.com;*.delta.com;united.com;*.united.com;aa.com;*.aa.com;southwest.com;*.southwest.com;britishairways.com;*.britishairways.com;lufthansa.com;*.lufthansa.com;airfrance.com;*.airfrance.com;emirates.com;*.emirates.com;qatarairways.com;*.qatarairways.com;turkishairlines.com;*.turkishairlines.com;easyjet.com;*.easyjet.com;ryanair.com;*.ryanair.com;airasia.com;*.airasia.com;singaporeair.com;*.singaporeair.com;cathaypacific.com;*.cathaypacific.com;ana.co.jp;*.ana.co.jp;jal.com;*.jal.com;koreanair.com;*.koreanair.com;avis.com;*.avis.com;hertz.com;*.hertz.com;enterprise.com;*.enterprise.com;budget.com;*.budget.com;nationalcar.com;*.nationalcar.com;alamo.com;*.alamo.com;sixt.com;*.sixt.com;europcar.com;*.europcar.com;carnival.com;*.carnival.com;royalcaribbean.com;*.royalcaribbean.com;ncl.com;*.ncl.com;msccruises.com;*.msccruises.com;princess.com;*.princess.com;hollandamerica.com;*.hollandamerica.com;celebritycruises.com;*.celebritycruises.com;costacruise.com;*.costacruise.com;viator.com;*.viator.com;getyourguide.com;*.getyourguide.com;klook.com;*.klook.com;raileurope.com;*.raileurope.com;eurail.com;*.eurail.com;amtrak.com;*.amtrak.com;nationalrail.co.uk;*.nationalrail.co.uk;thetrainline.com;*.thetrainline.com;greyhound.com;*.greyhound.com;flixbus.com;*.flixbus.com;megabus.com;*.megabus.com;wanderu.com;*.wanderu.com;rome2rio.com;*.rome2rio.com;skyscanner.com;*.skyscanner.com;momondo.com;*.momondo.com;kiwi.com;*.kiwi.com;cheapoair.com;*.cheapoair.com;onetravel.com;*.onetravel.com;lastminute.com;*.lastminute.com;hopper.com;*.hopper.com;worldnomads.com;*.worldnomads.com;allianz-assistance.com;*.allianz-assistance.com;travelguard.com;*.travelguard.com;insuremytrip.com;*.insuremytrip.com;travelex.com;*.travelex.com;lonelyplanet.com;*.lonelyplanet.com;roughguides.com;*.roughguides.com;frommers.com;*.frommers.com;fodors.com;*.fodors.com;timeout.com;*.timeout.com;afar.com;*.afar.com;cntraveler.com;*.cntraveler.com;travelandleisure.com;*.travelandleisure.com;hostelworld.com;*.hostelworld.com;hostels.com;*.hostels.com;couchsurfing.com;*.couchsurfing.com;vrbo.com;*.vrbo.com;homeaway.com;*.homeaway.com;flipkey.com;*.flipkey.com;housetrip.com;*.housetrip.com;onefinestay.com;*.onefinestay.com;sonder.com;*.sonder.com;plumguide.com;*.plumguide.com;vacasa.com;*.vacasa.com;turnkey.com;*.turnkey.com;evolve.com;*.evolve.com;mrandmrssmith.com;*.mrandmrssmith.com;tablethotels.com;*.tablethotels.com;kiwicollection.com;*.kiwicollection.com;slh.com;*.slh.com;relaischateaux.com;*.relaischateaux.com;lhw.com;*.lhw.com;preferredhotels.com;*.preferredhotels.com;designhotels.com;*.designhotels.com;worldhotels.com;*.worldhotels.com;historichotels.org;*.historichotels.org;smallluxuryhotels.com;*.smallluxuryhotels.com;tablethotels.com;*.tablethotels.com;mrandmrssmith.com;*.mrandmrssmith.com;i-escape.com;*.i-escape.com;sawdays.co.uk;*.sawdays.co.uk;secretescapes.com;*.secretescapes.com;jetsetter.com;*.jetsetter.com;luxurylink.com;*.luxurylink.com;voyage-prive.com;*.voyage-prive.com;travelzoo.com;*.travelzoo.com;cruisecritic.com;*.cruisecritic.com;cruisecompete.com;*.cruisecompete.com;vacationstogo.com;*.vacationstogo.com;icruise.com;*.icruise.com;cruisedirect.com;*.cruisedirect.com;cruises.com;*.cruises.com;cruise.com;*.cruise.com;cruiseone.com;*.cruiseone.com;dreamlines.com;*.dreamlines.com;iglucruise.com;*.iglucruise.com
URL_Shortener,alturl.com;*.alturl.com;bitly.com;*.bitly.com;tinyurl.com;*.tinyurl.com;ow.ly;*.ow.ly;goo.gl;*.goo.gl;t.co;*.t.co;bit.do;*.bit.do;tiny.cc;*.tiny.cc;is.gd;*.is.gd;buff.ly;*.buff.ly;adf.ly;*.adf.ly;cutt.ly;*.cutt.ly;rebrand.ly;*.rebrand.ly;short.io;*.short.io;bl.ink;*.bl.ink;yourls.org;*.yourls.org;polr.me;*.polr.me;tiny.pl;*.tiny.pl;snipurl.com;*.snipurl.com;budurl.com;*.budurl.com;cli.gs;*.cli.gs;tr.im;*.tr.im;surl.li;*.surl.li;urlz.fr;*.urlz.fr;2tu.us;*.2tu.us;x.co;*.x.co;prettylinkpro.com;*.prettylinkpro.com;branch.io;*.branch.io;linktree.com;*.linktree.com;linktr.ee;*.linktr.ee;lnk.bio;*.lnk.bio;tap.bio;*.tap.bio;campsite.bio;*.campsite.bio;linkin.bio;*.linkin.bio;later.com;*.later.com;url.ie;*.url.ie;shorturl.at;*.shorturl.at;s2r.co;*.s2r.co;clkim.com;*.clkim.com;clickmeter.com;*.clickmeter.com;shorte.st;*.shorte.st;po.st;*.po.st;v.gd;*.v.gd;tny.im;*.tny.im;u.to;*.u.to;qr.net;*.qr.net;smarturl.it;*.smarturl.it;tiny.one;*.tiny.one;shorturl.com;*.shorturl.com;urlcut.com;*.urlcut.com;urlshortener.com;*.urlshortener.com;shortener.net;*.shortener.net;shrinker.net;*.shrinker.net;shrinkme.io;*.shrinkme.io;shrtco.de;*.shrtco.de;urlzs.com;*.urlzs.com;zws.im;*.zws.im;urls.im;*.urls.im;urlify.net;*.urlify.net;shortener.cc;*.shortener.cc;urlr.me;*.urlr.me;shrturi.com;*.shrturi.com;urlcut.in;*.urlcut.in;shorturl.in;*.shorturl.in;urlshort.in;*.urlshort.in;shrturl.co;*.shrturl.co;urlz.co;*.urlz.co;shrt.li;*.shrt.li;surl.co.uk;*.surl.co.uk;turl.ca;*.turl.ca;urlsh.us;*.urlsh.us;shortlinks.co.uk;*.shortlinks.co.uk;shorten.asia;*.shorten.asia;urlshortener.co;*.urlshortener.co;shorturl.asia;*.shorturl.asia;tinylink.in;*.tinylink.in;urlcut.me;*.urlcut.me;shortener.im;*.shortener.im;shrinkurl.in;*.shrinkurl.in;shortme.io;*.shortme.io;urlshorter.org;*.urlshorter.org;shortener.io;*.shortener.io;urlshortener.me;*.urlshortener.me;shorturl.me;*.shorturl.me;urlcut.org;*.urlcut.org;shortener.cc;*.shortener.cc;urlz.fr;*.urlz.fr;shrt.fr;*.shrt.fr;urlsh.it;*.urlsh.it;shortit.io;*.shortit.io;shorten.me;*.shorten.me;urlshort.me;*.urlshort.me;shrturi.me;*.shrturi.me;tinyurl.io;*.tinyurl.io;urlcut.io;*.urlcut.io;shortener.link;*.shortener.link;urlshortener.link;*.urlshortener.link;shorturl.link;*.shorturl.link;urlcut.link;*.urlcut.link;shrturl.link;*.shrturl.link;shrturi.link;*.shrturi.link;tinyurl.link;*.tinyurl.link;urlz.link;*.urlz.link;shrt.link;*.shrt.link;surl.link;*.surl.link;turl.link;*.turl.link;tiny.link;*.tiny.link;shortme.link;*.shortme.link;urlshort.link;*.urlshort.link;shrinkme.link;*.shrinkme.link;urlify.link;*.urlify.link;shortener.site;*.shortener.site;urlshortener.site;*.urlshortener.site;shorturl.site;*.shorturl.site;urlcut.site;*.urlcut.site;shrturl.site;*.shrturl.site;shrturi.site;*.shrturi.site;tinyurl.site;*.tinyurl.site;urlz.site;*.urlz.site;shrt.site;*.shrt.site;surl.site;*.surl.site
Vehicle,autodeal.com.ph;*.autodeal.com.ph;autopten.com;*.autopten.com;autotrader.com;*.autotrader.com;caranddriver.com;*.caranddriver.com;carmax.com;*.carmax.com;cars.com;*.cars.com;cargurus.com;*.cargurus.com;edmunds.com;*.edmunds.com;kbb.com;*.kbb.com;carfax.com;*.carfax.com;truecar.com;*.truecar.com;motortrend.com;*.motortrend.com;jalopnik.com;*.jalopnik.com;autoblog.com;*.autoblog.com;carsdirect.com;*.carsdirect.com;carcomplaints.com;*.carcomplaints.com;toyota.com;*.toyota.com;honda.com;*.honda.com;ford.com;*.ford.com;chevrolet.com;*.chevrolet.com;bmw.com;*.bmw.com;mercedes-benz.com;*.mercedes-benz.com;audi.com;*.audi.com;volkswagen.com;*.volkswagen.com;porsche.com;*.porsche.com;ferrari.com;*.ferrari.com;lamborghini.com;*.lamborghini.com;maserati.com;*.maserati.com;bentley.com;*.bentley.com;rolls-roycemotorcars.com;*.rolls-roycemotorcars.com;astonmartin.com;*.astonmartin.com;jaguar.com;*.jaguar.com;landrover.com;*.landrover.com;volvo.com;*.volvo.com;hyundai.com;*.hyundai.com;kia.com;*.kia.com;mazda.com;*.mazda.com;subaru.com;*.subaru.com;nissan.com;*.nissan.com;infiniti.com;*.infiniti.com;lexus.com;*.lexus.com;acura.com;*.acura.com;cadillac.com;*.cadillac.com;buick.com;*.buick.com;gmc.com;*.gmc.com;chrysler.com;*.chrysler.com;dodge.com;*.dodge.com;jeep.com;*.jeep.com;ram.com;*.ram.com;fiat.com;*.fiat.com;alfaromeo.com;*.alfaromeo.com;mini.com;*.mini.com;tesla.com;*.tesla.com;rivian.com;*.rivian.com;lucidmotors.com;*.lucidmotors.com;polestar.com;*.polestar.com;nio.com;*.nio.com;xpeng.com;*.xpeng.com;byd.com;*.byd.com;geely.com;*.geely.com;greatwall.com;*.greatwall.com;tata.com;*.tata.com;mahindra.com;*.mahindra.com;suzuki.com;*.suzuki.com;yamaha.com;*.yamaha.com;kawasaki.com;*.kawasaki.com;harley-davidson.com;*.harley-davidson.com;ducati.com;*.ducati.com;bmw-motorrad.com;*.bmw-motorrad.com;triumph.co.uk;*.triumph.co.uk;ktm.com;*.ktm.com;aprilia.com;*.aprilia.com;motoguzzi.com;*.motoguzzi.com;royalenfield.com;*.royalenfield.com;indianmotorcycle.com;*.indianmotorcycle.com;husqvarna-motorcycles.com;*.husqvarna-motorcycles.com;mvagusta.com;*.mvagusta.com;norton.com;*.norton.com;buell.com;*.buell.com;zeromotorcycles.com;*.zeromotorcycles.com;energicamotor.com;*.energicamotor.com;lightningmotorcycle.com;*.lightningmotorcycle.com;damon.com;*.damon.com;arcmotorcycle.com;*.arcmotorcycle.com;livewire.com;*.livewire.com;bmwblog.com;*.bmwblog.com;mbworld.org;*.mbworld.org;audiworld.com;*.audiworld.com;ferrarichat.com;*.ferrarichat.com;6speedonline.com;*.6speedonline.com;rennlist.com;*.rennlist.com;bimmerpost.com;*.bimmerpost.com;benzworld.org;*.benzworld.org;audiforums.com;*.audiforums.com;ferrarilife.com;*.ferrarilife.com;lamborghini-talk.com;*.lamborghini-talk.com;porscheforum.com;*.porscheforum.com;ferrarichat.com;*.ferrarichat.com;astonmartinforum.com;*.astonmartinforum.com;jaguarforums.com;*.jaguarforums.com;volvoforums.com;*.volvoforums.com;hyundai-forums.com;*.hyundai-forums.com;kia-forums.com;*.kia-forums.com;mazdaworld.org;*.mazdaworld.org;subaruforester.org;*.subaruforester.org;nissanforums.com;*.nissanforums.com;infinitiforum.com;*.infinitiforum.com;clublexus.com;*.clublexus.com;acurazine.com;*.acurazine.com;cadillacforums.com;*.cadillacforums.com;buickforums.com;*.buickforums.com;gmforum.com;*.gmforum.com;chryslerforum.com;*.chryslerforum.com;dodgeforum.com;*.dodgeforum.com;jeepforum.com;*.jeepforum.com;ramforum.com;*.ramforum.com;fiatforum.com;*.fiatforum.com;alfaromeoforums.com;*.alfaromeoforums.com;northamericanmotoring.com;*.northamericanmotoring.com;teslamotorsclub.com;*.teslamotorsclub.com;rivianforums.com;*.rivianforums.com;lucidowners.com;*.lucidowners.com;polestarforum.com;*.polestarforum.com;nioforum.com;*.nioforum.com;xpengforum.com;*.xpengforum.com;bydforum.com;*.bydforum.com
Virus_Infected,efut.ir; ningbofocus.com; www.tv-cats-aghtamar.nl; www.kittysites.com; www.miss-kitty.com;
Weather,accuweather.com;*.accuweather.com;wunderground.com;*.wunderground.com;weather.com;*.weather.com;weatherbug.com;*.weatherbug.com;windy.com;*.windy.com;darksky.net;*.darksky.net;meteoblue.com;*.meteoblue.com;yr.no;*.yr.no;met.no;*.met.no;metoffice.gov.uk;*.metoffice.gov.uk;bom.gov.au;*.bom.gov.au;jma.go.jp;*.jma.go.jp;metservice.com;*.metservice.com;meteofrance.com;*.meteofrance.com;dwd.de;*.dwd.de;weather.gc.ca;*.weather.gc.ca;weatherzone.com.au;*.weatherzone.com.au;weathersa.co.za;*.weathersa.co.za;metcheck.com;*.metcheck.com;weatheronline.co.uk;*.weatheronline.co.uk;meteored.com;*.meteored.com;ilmeteo.it;*.ilmeteo.it;wetteronline.de;*.wetteronline.de;meteox.com;*.meteox.com;sat24.com;*.sat24.com;weathernation.com;*.weathernation.com;weatherbell.com;*.weatherbell.com;weathernerds.org;*.weathernerds.org;tropicaltidbits.com;*.tropicaltidbits.com;cyclocane.com;*.cyclocane.com;nhc.noaa.gov;*.nhc.noaa.gov;hurricanes.gov;*.hurricanes.gov;stormsurfing.com;*.stormsurfing.com;surfline.com;*.surfline.com;magicseaweed.com;*.magicseaweed.com;windguru.cz;*.windguru.cz;windfinder.com;*.windfinder.com;weatherflow.com;*.weatherflow.com;radarscope.app;*.radarscope.app;myradar.com;*.myradar.com;rainviewer.com;*.rainviewer.com;lightningmaps.org;*.lightningmaps.org;blitzortung.org;*.blitzortung.org;weathercloud.net;*.weathercloud.net;pwsweather.com;*.pwsweather.com;ambientweather.net;*.ambientweather.net;weatherlink.com;*.weatherlink.com;wview.org;*.wview.org;weatherdisplay.com;*.weatherdisplay.com;weewx.com;*.weewx.com;weathercat.net;*.weathercat.net;meteobridge.com;*.meteobridge.com;ecobee.com;*.ecobee.com;netatmo.com;*.netatmo.com;bloomsky.com;*.bloomsky.com;tempestwx.com;*.tempestwx.com;acurite.com;*.acurite.com;davisinstruments.com;*.davisinstruments.com;weathermatic.com;*.weathermatic.com;rainmachine.com;*.rainmachine.com;ambient.com;*.ambient.com;lacrossetechnology.com;*.lacrossetechnology.com;oregonscientific.com;*.oregonscientific.com;weathershack.com;*.weathershack.com;scientificsales.com;*.scientificsales.com;weatherdirect.com;*.weatherdirect.com;weatherwise.info;*.weatherwise.info;weatherworks.net;*.weatherworks.net;weathersolutions.org;*.weathersolutions.org;weathercentral.net;*.weathercentral.net;weathercompany.net;*.weathercompany.net;weathergroup.org;*.weathergroup.org;weathernews.net;*.weathernews.net;weatherstem.org;*.weatherstem.org;weathersentry.net;*.weathersentry.net;weatherops.net;*.weatherops.net;weatherteam.org;*.weatherteam.org;weatherwatch.net;*.weatherwatch.net;weatherworld.org;*.weatherworld.org;weathercentre.net;*.weathercentre.net;weatheroffice.org;*.weatheroffice.org;weatherservice.net;*.weatherservice.net;weathersystems.org;*.weathersystems.org;weathertechnology.net;*.weathertechnology.net;weathertrak.org;*.weathertrak.org;weathertrends.net;*.weathertrends.net;meteomedia.com;*.meteomedia.com;meteologix.com;*.meteologix.com;meteocentrale.ch;*.meteocentrale.ch;meteociel.fr;*.meteociel.fr;meteoalarm.eu;*.meteoalarm.eu;meteoconsult.fr;*.meteoconsult.fr;meteolabs.org;*.meteolabs.org;meteoearth.com;*.meteoearth.com;meteogroup.com;*.meteogroup.com;meteomanz.com;*.meteomanz.com;meteopt.com;*.meteopt.com;meteosat.com;*.meteosat.com;meteoservice.nl;*.meteoservice.nl;meteovista.co.uk;*.meteovista.co.uk;meteox.de;*.meteox.de;meteoam.it;*.meteoam.it;meteocity.com;*.meteocity.com;metcheck.com;*.metcheck.com;meteoalpin.com;*.meteoalpin.com;meteoblue.ch;*.meteoblue.ch;meteocenter.net;*.meteocenter.net;meteociel.com;*.meteociel.com;meteoclimat.fr;*.meteoclimat.fr;meteofrance.fr;*.meteofrance.fr;meteomedia.de;*.meteomedia.de;meteonews.ch;*.meteonews.ch;meteopool.org;*.meteopool.org;meteopress.cz;*.meteopress.cz;meteoprog.com;*.meteoprog.com;meteoservices.com;*.meteoservices.com;meteosource.com;*.meteosource.com;meteoswiss.ch;*.meteoswiss.ch;meteosystem.com;*.meteosystem.com;meteotrentino.it;*.meteotrentino.it;meteowind.com;*.meteowind.com;meteozone.com;*.meteozone.com
Web_Hosting,domainmarket.com;*.domainmarket.com;infinitewp.com;*.infinitewp.com;redio.de;*.redio.de;rs6.net;*.rs6.net;timeweb.ru;*.timeweb.ru;godaddy.com;*.godaddy.com;bluehost.com;*.bluehost.com;hostgator.com;*.hostgator.com;namecheap.com;*.namecheap.com;digitalocean.com;*.digitalocean.com;cloudflare.com;*.cloudflare.com;dreamhost.com;*.dreamhost.com;siteground.com;*.siteground.com;hostinger.com;*.hostinger.com;ionos.com;*.ionos.com;wpengine.com;*.wpengine.com;liquidweb.com;*.liquidweb.com;inmotion.com;*.inmotion.com;a2hosting.com;*.a2hosting.com;greengeeks.com;*.greengeeks.com;hostwinds.com;*.hostwinds.com;hawkhost.com;*.hawkhost.com;interserver.net;*.interserver.net;hostpapa.com;*.hostpapa.com;ipage.com;*.ipage.com;fatcow.com;*.fatcow.com;hostmonster.com;*.hostmonster.com;justhost.com;*.justhost.com;webhostinghub.com;*.webhostinghub.com;asmallorange.com;*.asmallorange.com;arvixe.com;*.arvixe.com;hostdime.com;*.hostdime.com;mochahost.com;*.mochahost.com;lunarpages.com;*.lunarpages.com;netfirms.com;*.netfirms.com;webhosting.uk.com;*.webhosting.uk.com;eukhost.com;*.eukhost.com;heartinternet.uk;*.heartinternet.uk;names.co.uk;*.names.co.uk;fasthosts.co.uk;*.fasthosts.co.uk;123-reg.co.uk;*.123-reg.co.uk;ovh.com;*.ovh.com;gandi.net;*.gandi.net;infomaniak.com;*.infomaniak.com;hetzner.com;*.hetzner.com;strato.de;*.strato.de;one.com;*.one.com;register.it;*.register.it;aruba.it;*.aruba.it;lws.fr;*.lws.fr;hosteurope.de;*.hosteurope.de;domainfactory.de;*.domainfactory.de;webgo.de;*.webgo.de;hostnet.nl;*.hostnet.nl;transip.nl;*.transip.nl;pcextreme.nl;*.pcextreme.nl;antagonist.nl;*.antagonist.nl;loopia.se;*.loopia.se;binero.se;*.binero.se;oderland.se;*.oderland.se;domeneshop.no;*.domeneshop.no;unoeuro.com;*.unoeuro.com;zap-hosting.com;*.zap-hosting.com;webland.ch;*.webland.ch;hostpoint.ch;*.hostpoint.ch;metanet.ch;*.metanet.ch;cyon.ch;*.cyon.ch;hoststar.ch;*.hoststar.ch;infomaniak.ch;*.infomaniak.ch;hosttech.ch;*.hosttech.ch;novatrend.ch;*.novatrend.ch;switchplus.ch;*.switchplus.ch;hostfactory.ch;*.hostfactory.ch;webhosting.dk;*.webhosting.dk;surftown.dk;*.surftown.dk;dandomain.dk;*.dandomain.dk;webhosting.fi;*.webhosting.fi;domainmafia.fi;*.domainmafia.fi;zoner.fi;*.zoner.fi;webhosting.at;*.webhosting.at;world4you.com;*.world4you.com;easyname.com;*.easyname.com;webhosting.pl;*.webhosting.pl;nazwa.pl;*.nazwa.pl;home.pl;*.home.pl;webhosting.cz;*.webhosting.cz;forpsi.com;*.forpsi.com;active24.cz;*.active24.cz;webhosting.hu;*.webhosting.hu;tarhely.com;*.tarhely.com;rackforest.hu;*.rackforest.hu;webhosting.sk;*.webhosting.sk;websupport.sk;*.websupport.sk;exohosting.sk;*.exohosting.sk;webhosting.ro;*.webhosting.ro;romarg.com;*.romarg.com;hostway.ro;*.hostway.ro;webhosting.bg;*.webhosting.bg;superhosting.bg;*.superhosting.bg;host.bg;*.host.bg;webhosting.gr;*.webhosting.gr;papaki.gr;*.papaki.gr;tophost.gr;*.tophost.gr;webhosting.ee;*.webhosting.ee;zone.ee;*.zone.ee;veebimajutus.ee;*.veebimajutus.ee;webhosting.lv;*.webhosting.lv;serveriai.lt;*.serveriai.lt;hostex.lt;*.hostex.lt;webhosting.is;*.webhosting.is;1984.is;*.1984.is;webhosting.ie;*.webhosting.ie;blacknight.com;*.blacknight.com;letshost.ie;*.letshost.ie;webhosting.pt;*.webhosting.pt;dominios.pt;*.dominios.pt;webhs.pt;*.webhs.pt;webhosting.es;*.webhosting.es;arsys.es;*.arsys.es;cdmon.com;*.cdmon.com;webhosting.be;*.webhosting.be;combell.com;*.combell.com;antagonist.be;*.antagonist.be;webhosting.lu;*.webhosting.lu;datacenter.eu;*.datacenter.eu;root.lu;*.root.lu;webhosting.mt;*.webhosting.mt;webhosting.cy;*.webhosting.cy;webhosting.hr;*.webhosting.hr;plus.hr;*.plus.hr;webhosting.si;*.webhosting.si;neoserv.si;*.neoserv.si;domovanje.com;*.domovanje.com;webhosting.rs;*.webhosting.rs;unlimited.rs;*.unlimited.rs;webhosting.al;*.webhosting.al;webhosting.mk;*.webhosting.mk;webhosting.md;*.webhosting.md;webhosting.by;*.webhosting.by;webhosting.ua;*.webhosting.ua;ukraine.com.ua;*.ukraine.com.ua;webhosting.ge;*.webhosting.ge;webhosting.am;*.webhosting.am;webhosting.az;*.webhosting.az
Web_Mail,gmail.com;*.gmail.com;outlook.com;*.outlook.com;yahoo.com;*.yahoo.com;protonmail.com;*.protonmail.com;mail.ru;*.mail.ru;tutanota.com;*.tutanota.com;zoho.com;*.zoho.com;aol.com;*.aol.com;icloud.com;*.icloud.com;gmx.com;*.gmx.com;yandex.com;*.yandex.com;fastmail.com;*.fastmail.com;hushmail.com;*.hushmail.com;mailbox.org;*.mailbox.org;posteo.de;*.posteo.de;runbox.com;*.runbox.com;countermail.com;*.countermail.com;startmail.com;*.startmail.com;mailfence.com;*.mailfence.com;disroot.org;*.disroot.org;pm.me;*.pm.me;mail.com;*.mail.com;inbox.com;*.inbox.com;lycos.com;*.lycos.com;hotmail.com;*.hotmail.com;live.com;*.live.com;msn.com;*.msn.com;web.de;*.web.de;freenet.de;*.freenet.de;gmx.de;*.gmx.de;gmx.net;*.gmx.net;gmx.at;*.gmx.at;gmx.ch;*.gmx.ch;bluewin.ch;*.bluewin.ch;seznam.cz;*.seznam.cz;centrum.cz;*.centrum.cz;wp.pl;*.wp.pl;o2.pl;*.o2.pl;interia.pl;*.interia.pl;onet.pl;*.onet.pl;rambler.ru;*.rambler.ru;inbox.ru;*.inbox.ru;list.ru;*.list.ru;bk.ru;*.bk.ru;163.com;*.163.com;126.com;*.126.com;yeah.net;*.yeah.net;qq.com;*.qq.com;sina.com;*.sina.com;sohu.com;*.sohu.com;21cn.com;*.21cn.com;139.com;*.139.com;188.com;*.188.com;aliyun.com;*.aliyun.com;foxmail.com;*.foxmail.com;naver.com;*.naver.com;daum.net;*.daum.net;nate.com;*.nate.com;hanmail.net;*.hanmail.net;kakao.com;*.kakao.com;excite.com;*.excite.com;biglobe.com;*.biglobe.com;nifty.com;*.nifty.com;goo.ne.jp;*.goo.ne.jp;ocn.ne.jp;*.ocn.ne.jp;rediffmail.com;*.rediffmail.com;indiatimes.com;*.indiatimes.com;sify.com;*.sify.com;ymail.com;*.ymail.com;rocketmail.com;*.rocketmail.com;aim.com;*.aim.com;bigpond.com;*.bigpond.com;optusnet.com;*.optusnet.com;telstra.com;*.telstra.com;rogers.com;*.rogers.com;shaw.ca;*.shaw.ca;sympatico.ca;*.sympatico.ca;bell.net;*.bell.net;telus.net;*.telus.net;videotron.ca;*.videotron.ca;cogeco.ca;*.cogeco.ca;virgin.net;*.virgin.net;ntlworld.com;*.ntlworld.com;blueyonder.com;*.blueyonder.com;sky.com;*.sky.com;talktalk.net;*.talktalk.net;orange.fr;*.orange.fr;wanadoo.fr;*.wanadoo.fr;free.fr;*.free.fr;laposte.net;*.laposte.net;sfr.fr;*.sfr.fr;alice.it;*.alice.it;tin.it;*.tin.it;libero.it;*.libero.it;virgilio.it;*.virgilio.it;tiscali.it;*.tiscali.it;telenet.be;*.telenet.be;skynet.be;*.skynet.be;voo.be;*.voo.be;proximus.be;*.proximus.be;planet.nl;*.planet.nl;ziggo.nl;*.ziggo.nl;xs4all.nl;*.xs4all.nl;kpn.nl;*.kpn.nl;hetnet.nl;*.hetnet.nl;earthclassmail.com;*.earthclassmail.com;mailpro.com;*.mailpro.com;secureserver.net;*.secureserver.net;emailsrvr.com;*.emailsrvr.com;mimecast.com;*.mimecast.com;proofpoint.com;*.proofpoint.com;messagelabs.com;*.messagelabs.com;mailcontrol.com;*.mailcontrol.com;mailgun.com;*.mailgun.com;sendgrid.com;*.sendgrid.com;postmarkapp.com;*.postmarkapp.com;sparkpost.com;*.sparkpost.com;mailchimp.com;*.mailchimp.com;constantcontact.com;*.constantcontact.com;campaignmonitor.com;*.campaignmonitor.com;sendinblue.com;*.sendinblue.com;mailjet.com;*.mailjet.com;elasticemail.com;*.elasticemail.com;socketlabs.com;*.socketlabs.com;mailersend.com;*.mailersend.com;pepipost.com;*.pepipost.com;smtp2go.com;*.smtp2go.com;amazonses.com;*.amazonses.com;mandrill.com;*.mandrill.com;postmaster.com;*.postmaster.com;emailsys.net;*.emailsys.net;emailplatform.com;*.emailplatform.com;mailbox.com;*.mailbox.com;mailfence.net;*.mailfence.net;runbox.net;*.runbox.net;fastmail.fm;*.fastmail.fm;pobox.com;*.pobox.com;mail.io;*.mail.io;mailo.com;*.mailo.com;openmailbox.org;*.openmailbox.org;kolabnow.com;*.kolabnow.com;soverin.net;*.soverin.net;migadu.com;*.migadu.com;thexyz.com;*.thexyz.com;mailbox.de;*.mailbox.de;mail.de;*.mail.de;posteo.net;*.posteo.net;mailcow.email;*.mailcow.email;mailinabox.email;*.mailinabox.email;servermx.com;*.servermx.com;hostmail.com;*.hostmail.com;emailhosting.com;*.emailhosting.com;emailprovider.com;*.emailprovider.com;emailservice.com;*.emailservice.com;emailsystem.com;*.emailsystem.com;emailcloud.com;*.emailcloud.com;emailserver.com;*.emailserver.com;emailhost.com;*.emailhost.com;emailplatform.com;*.emailplatform.com;emailpro.com;*.emailpro.com;emailsolution.com;*.emailsolution.com
Music,spotify.com;*.spotify.com;apple.music.com;*.apple.music.com;soundcloud.com;*.soundcloud.com;bandcamp.com;*.bandcamp.com;tidal.com;*.tidal.com;deezer.com;*.deezer.com;pandora.com;*.pandora.com;amazon.music.com;*.amazon.music.com;youtube.music.com;*.youtube.music.com;last.fm;*.last.fm;beatport.com;*.beatport.com;mixcloud.com;*.mixcloud.com;reverbnation.com;*.reverbnation.com;genius.com;*.genius.com;shazam.com;*.shazam.com;discogs.com;*.discogs.com;pitchfork.com;*.pitchfork.com;rollingstone.com;*.rollingstone.com;billboard.com;*.billboard.com;nme.com;*.nme.com;fender.com;*.fender.com;gibson.com;*.gibson.com;roland.com;*.roland.com;native-instruments.com;*.native-instruments.com;ableton.com;*.ableton.com;steinberg.net;*.steinberg.net;presonus.com;*.presonus.com;moogmusic.com;*.moogmusic.com;korg.com;*.korg.com;yamaha.com;*.yamaha.com;sweetwater.com;*.sweetwater.com;musiciansfriend.com;*.musiciansfriend.com;thomann.de;*.thomann.de;samash.com;*.samash.com;zzounds.com;*.zzounds.com;guitarcenter.com;*.guitarcenter.com;music123.com;*.music123.com;gear4music.com;*.gear4music.com;andertons.co.uk;*.andertons.co.uk;dawsons.co.uk;*.dawsons.co.uk;pmtonline.co.uk;*.pmtonline.co.uk;universal.com;*.universal.com;sonymusic.com;*.sonymusic.com;warnermusic.com;*.warnermusic.com;umg.com;*.umg.com;wmg.com;*.wmg.com;sonymusic.com;*.sonymusic.com;subpop.com;*.subpop.com;matadorrecords.com;*.matadorrecords.com;dominorecordco.com;*.dominorecordco.com;xlrecordings.com;*.xlrecordings.com;4ad.com;*.4ad.com;roughtraderecords.com;*.roughtraderecords.com;warprecords.com;*.warprecords.com;deadoceans.com;*.deadoceans.com;jagjaguwar.com;*.jagjaguwar.com;secretlycanadian.com;*.secretlycanadian.com;bellaunion.com;*.bellaunion.com;thrilljockey.com;*.thrilljockey.com;dragcity.com;*.dragcity.com;mergerecords.com;*.mergerecords.com;polyvinylrecords.com;*.polyvinylrecords.com;saddle-creek.com;*.saddle-creek.com;fatpossum.com;*.fatpossum.com;mexicansummer.com;*.mexicansummer.com;sacredbonesrecords.com;*.sacredbonesrecords.com;capturedtracks.com;*.capturedtracks.com;carparkrecords.com;*.carparkrecords.com;hardlyartrecords.com;*.hardlyartrecords.com;joyfulnoiserecordings.com;*.joyfulnoiserecordings.com;killrockstars.com;*.killrockstars.com;kranky.net;*.kranky.net;ninjatune.net;*.ninjatune.net;planet.mu;*.planet.mu;brainfeeder.net;*.brainfeeder.net;stonesthrow.com;*.stonesthrow.com;hyperdub.net;*.hyperdub.net;ghostly.com;*.ghostly.com;kompakt.fm;*.kompakt.fm;ostgut.de;*.ostgut.de;mute.com;*.mute.com;beggars.com;*.beggars.com;epitaph.com;*.epitaph.com;victoryrecords.com;*.victoryrecords.com;equalvision.com;*.equalvision.com;fearlessrecords.com;*.fearlessrecords.com;riserecords.com;*.riserecords.com;roadrunnerrecords.com;*.roadrunnerrecords.com;metalblade.com;*.metalblade.com;nuclearblast.com;*.nuclearblast.com;centurymedia.com;*.centurymedia.com;season-of-mist.com;*.season-of-mist.com;relapse.com;*.relapse.com;prostheticrecords.com;*.prostheticrecords.com;candlelightrecords.com;*.candlelightrecords.com;earache.com;*.earache.com;spinefarmrecords.com;*.spinefarmrecords.com;metalbladerecords.com;*.metalbladerecords.com;victorymerch.com;*.victorymerch.com;hopelessrecords.com;*.hopelessrecords.com;fueledbyramen.com;*.fueledbyramen.com;vagrant.com;*.vagrant.com;sideonedummy.com;*.sideonedummy.com;hellcat.com;*.hellcat.com;deathwishinc.com;*.deathwishinc.com;bridge9.com;*.bridge9.com;revhq.com;*.revhq.com;interpunk.com;*.interpunk.com;smartpunk.com;*.smartpunk.com;merchnow.com;*.merchnow.com;kingsroadmerch.com;*.kingsroadmerch.com;impericon.com;*.impericon.com;indiemerchstore.com;*.indiemerchstore.com;districtlines.com;*.districtlines.com;bandtees.com;*.bandtees.com;rockabilia.com;*.rockabilia.com;emp.com;*.emp.com;grindstore.com;*.grindstore.com;backstreetmerch.com;*.backstreetmerch.com;musicglue.com;*.musicglue.com;banquetrecords.com;*.banquetrecords.com;roughtrade.com;*.roughtrade.com;amoeba.com;*.amoeba.com;recordstore.co.uk;*.recordstore.co.uk;juno.co.uk;*.juno.co.uk;bleep.com;*.bleep.com;boomkat.com;*.boomkat.com;hhv.de;*.hhv.de;decks.de;*.decks.de;deejay.de;*.deejay.de;redeyerecords.co.uk;*.redeyerecords.co.uk;phonicarecords.com;*.phonicarecords.com;piccadillyrecords.com;*.piccadillyrecords.com;normanrecords.com;*.normanrecords.com;resident-music.com;*.resident-music.com;recordshopx.com;*.recordshopx.com;clone.nl;*.clone.nl;rushhour.nl;*.rushhour.nl;hardwax.com;*.hardwax.com;kompakt.fm;*.kompakt.fm;wordandsound.de;*.wordandsound.de;vinyl-digital.com;*.vinyl-digital.com;hhv.de;*.hhv.de;fatbeats.com;*.fatbeats.com;turntablelab.com;*.turntablelab.com;insound.com;*.insound.com;srcvinyl.com;*.srcvinyl.com;acousticsounds.com;*.acousticsounds.com;musicdirect.com;*.musicdirect.com;mofi.com;*.mofi.com;analogueproductions.com;*.analogueproductions.com;soundstagedirect.com;*.soundstagedirect.com;elusive.com;*.elusive.com
Recreation,arborbrewing.com;*.arborbrewing.com;wikitravel.org;*.wikitravel.org;jalopnik.com;*.jalopnik.com;esbooks.co.jp;*.esbooks.co.jp;scoutalog.com;*.scoutalog.com;tripadvisor.com;*.tripadvisor.com;alltrails.com;*.alltrails.com;rei.com;*.rei.com;nps.gov;*.nps.gov;recreation.gov;*.recreation.gov;booking.com;*.booking.com;expedia.com;*.expedia.com;airbnb.com;*.airbnb.com;kayak.com;*.kayak.com;lonelyplanet.com;*.lonelyplanet.com;yelp.com;*.yelp.com;meetup.com;*.meetup.com;strava.com;*.strava.com;komoot.com;*.komoot.com;trailforks.com;*.trailforks.com;mtbproject.com;*.mtbproject.com;hikingproject.com;*.hikingproject.com;rockclimbing.com;*.rockclimbing.com;mountainproject.com;*.mountainproject.com;summitpost.org;*.summitpost.org;14ers.com;*.14ers.com;peakbagger.com;*.peakbagger.com;geocaching.com;*.geocaching.com;wikiloc.com;*.wikiloc.com;outdoorproject.com;*.outdoorproject.com;adventureprojects.net;*.adventureprojects.net;backcountry.com;*.backcountry.com;moosejaw.com;*.moosejaw.com;steepandcheap.com;*.steepandcheap.com;ems.com;*.ems.com;sierratradingpost.com;*.sierratradingpost.com;cabelas.com;*.cabelas.com;basspro.com;*.basspro.com;dickssportinggoods.com;*.dickssportinggoods.com;academy.com;*.academy.com;sportchek.com;*.sportchek.com;decathlon.com;*.decathlon.com;golfdigest.com;*.golfdigest.com;golf.com;*.golf.com;pga.com;*.pga.com;tennis.com;*.tennis.com;ski.com;*.ski.com;onthesnow.com;*.onthesnow.com;snowboarder.com;*.snowboarder.com;powder.com;*.powder.com;surfer.com;*.surfer.com;surfline.com;*.surfline.com;magicseaweed.com;*.magicseaweed.com;windguru.cz;*.windguru.cz;windfinder.com;*.windfinder.com;kiteboarding.com;*.kiteboarding.com;paddling.com;*.paddling.com;americanwhitewater.org;*.americanwhitewater.org;kayakguide.com;*.kayakguide.com;sup.com;*.sup.com;scuba.com;*.scuba.com;padi.com;*.padi.com;divebuddy.com;*.divebuddy.com;sportdiver.com;*.sportdiver.com;divezone.net;*.divezone.net;spearboard.com;*.spearboard.com;freediving.com;*.freediving.com;yogajournal.com;*.yogajournal.com;doyogawithme.com;*.doyogawithme.com;yogaglo.com;*.yogaglo.com;gaiam.com;*.gaiam.com;pilates.com;*.pilates.com;crossfit.com;*.crossfit.com;bodybuilding.com;*.bodybuilding.com;menshealth.com;*.menshealth.com;womenshealth.com;*.womenshealth.com;runnersworld.com;*.runnersworld.com;active.com;*.active.com;mapmyrun.com;*.mapmyrun.com;runkeeper.com;*.runkeeper.com;nike.com;*.nike.com;adidas.com;*.adidas.com;underarmour.com;*.underarmour.com;asics.com;*.asics.com;brooksrunning.com;*.brooksrunning.com;hokaoneone.com;*.hokaoneone.com;saucony.com;*.saucony.com;newbalance.com;*.newbalance.com;garmin.com;*.garmin.com;polar.com;*.polar.com;suunto.com;*.suunto.com;fitbit.com;*.fitbit.com;myfitnesspal.com;*.myfitnesspal.com;loseit.com;*.loseit.com;noom.com;*.noom.com;beachbody.com;*.beachbody.com;peloton.com;*.peloton.com;zwift.com;*.zwift.com;trainerroad.com;*.trainerroad.com;sufferfest.com;*.sufferfest.com;wahoo.com;*.wahoo.com;tacx.com;*.tacx.com;stravistix.com;*.stravistix.com;veloviewer.com;*.veloviewer.com;cyclingnews.com;*.cyclingnews.com;velonews.com;*.velonews.com;bicycling.com;*.bicycling.com;bikeradar.com;*.bikeradar.com;pinkbike.com;*.pinkbike.com;vitalmtb.com;*.vitalmtb.com;singletracks.com;*.singletracks.com;dirtragmag.com;*.dirtragmag.com;adventurecycling.org;*.adventurecycling.org;bikepacking.com;*.bikepacking.com;cyclingweekly.com;*.cyclingweekly.com;roadbikeaction.com;*.roadbikeaction.com;cyclingmagazine.ca;*.cyclingmagazine.ca;pezcyclingnews.com;*.pezcyclingnews.com;cyclingtips.com;*.cyclingtips.com;roadcycling.com;*.roadcycling.com;cyclingeurope.org;*.cyclingeurope.org;cyclingabout.com;*.cyclingabout.com;cyclinguk.org;*.cyclinguk.org;britishcycling.org.uk;*.britishcycling.org.uk;usacycling.org;*.usacycling.org;cyclingcanada.ca;*.cyclingcanada.ca;cycling.org.au;*.cycling.org.au;uci.org;*.uci.org;letour.fr;*.letour.fr;giroditalia.it;*.giroditalia.it;lavuelta.es;*.lavuelta.es;procyclingstats.com;*.procyclingstats.com;firstcycling.com;*.firstcycling.com;cyclingarchives.com;*.cyclingarchives.com;cyclingnews.com;*.cyclingnews.com;velonews.com;*.velonews.com;cyclingweekly.com;*.cyclingweekly.com;pezcyclingnews.com;*.pezcyclingnews.com;cyclingtips.com;*.cyclingtips.com;roadcycling.com;*.roadcycling.com;cyclingeurope.org;*.cyclingeurope.org;cyclingabout.com;*.cyclingabout.com;cyclinguk.org;*.cyclinguk.org;britishcycling.org.uk;*.britishcycling.org.uk;usacycling.org;*.usacycling.org;cyclingcanada.ca;*.cyclingcanada.ca;cycling.org.au;*.cycling.org.au
AI_Applications,openai.com;*.openai.com;anthropic.com;*.anthropic.com;claude.ai;*.claude.ai;gemini.google.com;*.gemini.google.com;gemini.ai;*.gemini.ai;ai.google.com;*.ai.google.com;chat.openai.com;*.chat.openai.com;chat.anthropic.com;*.chat.anthropic.com;chat.claude.ai;*.chat.claude.ai;chat.gemini.google.com;*.chat.gemini.google.com;stability.ai;*.stability.ai;midjourney.com;*.midjourney.com;mistral.ai;*.mistral.ai;perplexity.ai;*.perplexity.ai;huggingface.co;*.huggingface.co;replika.ai;*.replika.ai;character.ai;*.character.ai;poe.com;*.poe.com;phind.com;*.phind.com;you.com;*.you.com;grok.x.ai;*.grok.x.ai;pi.ai;*.pi.ai;jasper.ai;*.jasper.ai;copy.ai;*.copy.ai;deepl.com;*.deepl.com;notion.ai;*.notion.ai;grammarly.com;*.grammarly.com;writesonic.com;*.writesonic.com;elevenlabs.io;*.elevenlabs.io;leonardo.ai;*.leonardo.ai;dreamstudio.ai;*.dreamstudio.ai;civitai.com;*.civitai.com;d-id.com;*.d-id.com;heygen.com;*.heygen.com;murf.ai;*.murf.ai;cohere.ai;*.cohere.ai;runway.ml;*.runway.ml;assemblyai.com;*.assemblyai.com;scale.com;*.scale.com;replit.com;*.replit.com;github.copilot.com;*.github.copilot.com;codeium.com;*.codeium.com;tabnine.com;*.tabnine.com;deepmind.com;*.deepmind.com;together.ai;*.together.ai;vercel.ai;*.vercel.ai;amazon.bedrock.ai;*.amazon.bedrock.ai;vertex.ai;*.vertex.ai;clarifai.com;*.clarifai.com;datarobot.com;*.datarobot.com;h2o.ai;*.h2o.ai;databricks.com;*.databricks.com;paperspace.com;*.paperspace.com;modal.com;*.modal.com;pinecone.io;*.pinecone.io;weaviate.io;*.weaviate.io;milvus.io;*.milvus.io;qdrant.tech;*.qdrant.tech;chroma.com;*.chroma.com;lancedb.com;*.lancedb.com;activeloop.ai;*.activeloop.ai;wandb.ai;*.wandb.ai;neptune.ai;*.neptune.ai;comet.ml;*.comet.ml;determined.ai;*.determined.ai;vectara.com;*.vectara.com;relevance.ai;*.relevance.ai;marqo.ai;*.marqo.ai;neural.love;*.neural.love;clipdrop.co;*.clipdrop.co;getimg.ai;*.getimg.ai;remove.bg;*.remove.bg;photoroom.com;*.photoroom.com;kaiber.ai;*.kaiber.ai;scenario.com;*.scenario.com;artbreeder.com;*.artbreeder.com;lexica.art;*.lexica.art;playgroundai.com;*.playgroundai.com;labs.google.com;*.labs.google.com;makersuite.google.com;*.makersuite.google.com;cloud.google.com;*.cloud.google.com;ollama.ai;*.ollama.ai;forefront.ai;*.forefront.ai